id,domain,status,purchase_price,renewal_price,attractiveness,demand,length,registrar,created_at,expires_at,status_verified_at
f63ca55f-06f4-4db5-ae4a-ffe50dbf4ba4,nazis.accountants,available,122.98,145.98,low,low,5,namecheap,,,28/09/2026 09:00
f1777fe4-d712-4cda-a30f-6fee7720772c,leven.accountants,available,90.2,90.2,medium,low,5,cloudflare,,,01/10/2026 22:22
75dc3d8c-c568-4c17-90dc-d9ca4f5f8834,engrossing.accountants,available,43.99,153.99,high,low,10,name.com,,,
fabb983f-056e-4e1a-bd15-5dbdfa3125a9,configuration.accountants,available,93.35,93.35,medium,low,13,spaceship,,,29/09/2026 10:14
68a1df85-9537-4d7b-8339-c15449548886,solemn.accountants,available,43.99,153.99,high,low,6,name.com,,,14/08/2026 22:33
9b0bbc1a-ea32-4f6b-9e99-64d41012b00b,mingo.accountants,available,93.35,93.35,high,low,5,spaceship,,,02/10/2026 08:29
4c392d11-7123-44cf-b245-a698601bbd89,hold.accountants,available,117.99,117.99,high,low,4,namesilo,,,24/09/2026 23:26
bee71993-da9b-4ca0-a445-78f8a1bc6a9e,partisan.accountants,available,117.99,117.99,high,low,8,namesilo,,,08/09/2026 02:07
0ee9ad37-964c-4656-8dd4-4a09020cf203,sat.accountants,available,122.98,145.98,high,low,3,namecheap,,,30/09/2026 10:30
943d3e9c-2dbc-4301-96f6-7c019afdda85,arcadia.accountants,available,117.99,117.99,high,medium,7,namesilo,,,20/09/2026 01:36
2b10a330-6ee5-4d80-be18-e83066e4a1dc,darkling.accountants,available,43.99,153.99,medium,low,8,name.com,,,13/08/2026 18:16
d7157bb2-027a-4784-b50d-58bdae72e711,weaver.accountants,available,93.35,93.35,high,low,6,spaceship,,,28/09/2026 03:16
46de7fb8-2ec6-4cb0-81f5-63c812f0eba3,offshore.accountants,available,117.99,117.99,high,low,8,namesilo,,,04/09/2026 01:37
f41b311d-64cc-42f9-846f-ff57a0bf5a23,suffers.accountants,available,93.35,93.35,low,low,7,spaceship,,,28/09/2026 17:03
1c470f94-4ef6-455f-a35c-24075599ba1e,realities.accountants,available,117.99,117.99,medium,low,9,namesilo,,,29/09/2026 17:45
a2334658-ac40-467e-8017-c75d1c65fae8,ran.accountants,available,122.98,145.98,high,low,3,namecheap,,,25/09/2026 12:35
1eb5a646-b0c9-42eb-8603-a8aceefc7784,enforcement.accountants,available,93.35,93.35,high,low,11,spaceship,,,28/09/2026 08:21
63703aa4-ba70-4bb8-9cc5-8b995806c74d,xerxes.accountants,available,23.17,93.2,medium,low,6,porkbun,,,01/10/2026 16:35
14de652d-9e23-4bdc-9b8c-3c3c8713110d,crucial.accountants,available,117.99,117.99,high,low,7,namesilo,,,22/09/2026 00:39
c101dbbe-88ed-401a-8c6a-3cdc65881f91,stiffness.accountants,available,93.35,93.35,medium,low,9,spaceship,,,03/10/2026 02:11
2ea155aa-35a2-40c3-9a61-52acb07acba4,protrude.accountants,available,117.99,117.99,high,low,8,namesilo,,,08/09/2026 23:44
322aa388-bac9-496f-9cdf-1d866b66a6ff,malcontent.accountants,available,43.99,153.99,medium,low,10,name.com,,,14/08/2026 09:23
894dfad5-3bc7-4f6c-a96e-b53d0f5da5b9,agreeing.accountants,available,117.99,117.99,high,low,8,namesilo,,,28/09/2026 15:41
74e76961-563f-4b88-86f7-667bd1887cd1,sisterhood.accountants,available,23.76,96.52,high,low,10,dynadot,,,03/10/2026 02:07
0aa582ab-9f81-4e20-88b1-57d44e670513,gables.accountants,available,122.98,145.98,medium,low,6,namecheap,,,02/10/2026 14:14
f20b456c-c293-4a7f-80c7-099c8f8a5561,poop.accountants,available,43.99,153.99,high,low,4,name.com,,,24/08/2026 10:29
969d6437-9455-465f-8e29-77557e1fe3fb,curtiss.accountants,available,117.99,117.99,high,low,7,namesilo,,,27/09/2026 12:50
680f2062-774f-4ae3-842d-79d5bd22fe9e,bookworm.accountants,available,43.99,153.99,high,low,8,name.com,,,09/09/2026 23:16
3bbb7506-b24f-44b2-b8aa-10ce4ccc7344,gamble.accountants,available,122.98,145.98,high,low,6,namecheap,,,17/09/2026 10:37
bb5b5e10-8980-4f3e-959c-ffc636f792ee,raiment.accountants,available,122.98,145.98,medium,low,7,namecheap,,,19/09/2026 19:57
55ab993d-611f-4062-b544-b26098b18891,oodles.accountants,available,117.99,117.99,high,low,6,namesilo,,,14/09/2026 23:32
7759ed56-bf1b-4d2c-8b59-ce4488519f49,evers.accountants,available,93.35,93.35,high,low,5,spaceship,,,30/09/2026 17:14
2877f69b-3036-49ce-ab4c-0219cf945d48,chip.accountants,available,23.76,96.52,high,low,4,dynadot,,,01/10/2026 01:58
357d37b6-58df-4fe7-81fb-9f5738d1b80b,entrance.accountants,available,43.99,153.99,high,low,8,name.com,,,22/08/2026 01:46
2804c0bb-603d-488f-a3b0-09d28e093e57,adman.accountants,available,117.99,117.99,medium,low,5,namesilo,,,17/09/2026 08:40
3019d278-9541-4690-9bd0-71c3f841a2df,exchanges.accountants,available,117.99,117.99,medium,low,9,namesilo,,,29/09/2026 08:56
cafc2bd1-1c54-476b-9ad4-a4ac2b462541,cause.accountants,available,117.99,117.99,high,low,5,namesilo,,,24/09/2026 13:11
9557f3a1-1e35-4962-8709-09733ff32206,sharply.accountants,available,93.35,93.35,medium,low,7,spaceship,,,27/09/2026 20:32
f36438e8-c8a0-475c-a683-cfdc8c281eae,windflower.accountants,available,117.99,117.99,high,low,10,namesilo,,,19/09/2026 05:19
d9212058-9fd8-4903-aa5b-347f6e257c47,enlightened.accountants,available,93.35,93.35,high,low,11,spaceship,,,29/09/2026 20:59
71df4ad3-7437-487b-ad2b-3a983cc433ee,aeolic.accountants,available,117.99,117.99,medium,low,6,namesilo,,,17/09/2026 12:35
925a2937-3eee-4369-b12c-67e040eec868,bahamian.accountants,available,43.99,153.99,medium,low,8,name.com,,,08/08/2026 08:31
ff411c33-6b62-4b89-9161-17227be6e4ac,evenfall.accountants,available,43.99,153.99,medium,low,8,name.com,,,11/09/2026 21:46
cce33772-7007-4b02-8cf1-4a8af1bde592,switching.accountants,available,93.35,93.35,high,low,9,spaceship,,,28/09/2026 06:49
93efbe0d-2623-44f0-a69a-0704cef3384d,yourself.accountants,available,117.99,117.99,high,low,8,namesilo,,,25/09/2026 12:53
2bc4712f-9512-4f00-b113-18c100074b04,prioritize.accountants,available,23.76,96.52,high,low,10,dynadot,,,30/09/2026 21:21
7d2e022f-bccc-4296-8e4b-7e6d5d25b038,lossy.accountants,available,43.99,153.99,medium,low,5,name.com,,,24/08/2026 09:58
378da29b-3f7d-47dd-b35f-55e6dac9dbb2,raises.accountants,available,23.76,96.52,medium,low,6,dynadot,,,29/09/2026 10:51
5e535357-fea2-4ba1-b4e2-0eff378117cf,burial.accountants,available,122.98,145.98,medium,low,6,namecheap,,,24/09/2026 11:18
382bdb41-7e7a-4308-b00a-b4219390d53f,bedsore.accountants,available,117.99,117.99,medium,low,7,namesilo,,,22/09/2026 23:40
3259e7bd-2400-4dad-a3ee-cf3032ef5bf5,millennial.accountants,available,43.99,153.99,high,low,10,name.com,,,24/08/2026 23:16
1c840eb8-1251-463a-a36d-acac3cfdc8a2,clap.accountants,available,23.76,96.52,high,low,4,dynadot,,,29/09/2026 09:38
dd5a9dda-2e12-47d6-83f9-6b9b6fa9b2af,hurdle.accountants,available,117.99,117.99,high,low,6,namesilo,,,30/09/2026 17:39
18073924-4453-432c-981d-9d0204685f27,hatted.accountants,available,43.99,153.99,medium,low,6,name.com,,,21/08/2026 01:22
86ba8796-5953-42d1-ba68-24c564ca121a,wyeth.accountants,available,122.98,145.98,medium,low,5,namecheap,,,19/09/2026 04:48
3c137a69-7a29-4704-9031-2b592a98d756,males.accountants,available,117.99,117.99,medium,low,5,namesilo,,,18/09/2026 00:29
26aba024-1751-4030-bc03-a51efaa3dab7,laconia.accountants,available,93.35,93.35,medium,low,7,spaceship,,,02/10/2026 05:33
b5edabb4-0d04-49d9-8005-060a6cdcb59f,hanukkah.accountants,available,122.98,145.98,high,low,8,namecheap,,,29/09/2026 08:04
7d809e5f-8e99-446b-82de-20f4c0bfaf39,bardeen.accountants,available,117.99,117.99,medium,low,7,namesilo,,,22/09/2026 05:16
a761919f-f133-493d-86a5-f8fe0c1ce76d,festival.accountants,available,117.99,117.99,high,low,8,namesilo,,,19/09/2026 17:31
7795ed94-a0b7-4ae8-977b-8dfe14ad3ce4,boundaries.accountants,available,43.99,,medium,low,10,name.com,,,
27f0056c-37b1-4602-9a92-02644aa4a938,sociology.accountants,available,90.2,90.2,high,low,9,cloudflare,,,30/09/2026 18:45
073f2bc1-f072-4cc5-a557-5690bbed521f,abscissa.accountants,available,117.99,117.99,medium,low,8,namesilo,,,16/09/2026 17:32
42d1cc21-e247-4b07-b240-14f4bf82f0dc,supremely.accountants,available,117.99,117.99,medium,low,9,namesilo,,,16/09/2026 07:39
bc011977-5894-4115-9111-ed2106df2690,browns.accountants,available,23.76,96.52,medium,low,6,dynadot,,,30/09/2026 00:26
67cf32b8-9d58-4e01-8124-f98621b34605,jib.accountants,available,122.98,145.98,high,low,3,namecheap,,,21/09/2026 22:10
ce36eda4-da29-448b-bcd2-452d4017f305,wavelength.accountants,available,90.2,90.2,high,low,10,cloudflare,,,30/09/2026 03:06
bdcb8de2-f654-483d-9c13-410e6e9b9291,bevan.accountants,available,117.99,117.99,medium,low,5,namesilo,,,29/09/2026 21:45
39db1caf-9051-4c22-b405-bf71b906cb53,erasable.accountants,available,43.99,153.99,medium,low,8,name.com,,,15/08/2026 14:16
78376a3f-5b40-44e0-b7dc-13414c38a41d,brentwood.accountants,available,93.35,93.35,medium,low,9,spaceship,,,29/09/2026 10:01
51c9b80e-22ba-42c3-b9bf-7e741113385b,melody.accountants,available,23.17,93.2,high,low,6,porkbun,,,28/09/2026 02:24
c1a14695-6b54-473d-8e5e-39e0a0953058,dalhousie.accountants,available,93.35,93.35,medium,low,9,spaceship,,,29/09/2026 21:41
006b0218-d939-4e5b-9f2d-0e75dfa181a4,baud.accountants,available,117.99,117.99,medium,low,4,namesilo,,,22/09/2026 16:32
7dfe793c-229f-4fbd-a9cf-8e5b76a934ee,position.accountants,available,122.98,145.98,high,low,8,namecheap,,,19/09/2026 04:25
a0950433-0d4d-4655-8e61-1ad1a3d2051b,extreme.accountants,available,117.99,117.99,high,low,7,namesilo,,,04/09/2026 04:46
9b49fcc5-fd56-480b-8217-b68f35e9e30e,mama.accountants,available,23.17,93.2,high,low,4,porkbun,,,28/09/2026 06:17
ab5ecd9f-5cfe-4f88-b86d-86afe95a11cf,generate.accountants,available,93.35,93.35,high,low,8,spaceship,,,28/09/2026 19:12
29eb0248-63be-4b51-a2d5-2ac156a095f5,montenegrin.accountants,available,93.35,93.35,high,low,11,spaceship,,,29/09/2026 21:21
b85447b4-b083-4390-aac4-e94862b6093d,unexpired.accountants,available,117.99,117.99,medium,low,9,namesilo,,,12/09/2026 09:38
88964903-0e62-46e4-8751-5b5274356850,concussion.accountants,available,23.76,96.52,high,low,10,dynadot,,,29/09/2026 10:35
73270e79-46b3-475e-9f2a-564757f094c5,sloth.accountants,available,117.99,117.99,high,low,5,namesilo,,,28/09/2026 17:33
0d78355a-8f5e-49b6-b1ef-eeab70e17164,bosnian.accountants,available,43.99,153.99,high,low,7,name.com,,,10/08/2026 20:21
a18cedbf-2d48-4f5d-a0a7-83dd451a2b4a,jaguars.accountants,available,117.99,117.99,medium,low,7,namesilo,,,20/09/2026 09:28
073486f7-e4dd-467f-93a3-25a0ade3056e,codes.accountants,available,90.2,90.2,high,low,5,cloudflare,,,02/10/2026 08:55
70073cdd-d616-4ef6-9384-ee708d69857e,toxic.accountants,available,117.99,117.99,medium,low,5,namesilo,,,28/09/2026 09:26
158147b1-83c2-467a-9f5c-60444cb6cd10,stubbornly.accountants,available,117.99,117.99,medium,low,10,namesilo,,,14/09/2026 10:12
b8e3204f-ba5a-4e6b-88c0-7c071f4a340c,goya.accountants,available,122.98,145.98,high,low,4,namecheap,,,29/09/2026 18:58
fbd54cbd-2ff5-479b-943f-cbab490cbb50,pads.accountants,available,117.99,117.99,high,low,4,namesilo,,,20/09/2026 10:38
51976423-4db0-4b09-ac84-21e8d1d7660f,semi.accountants,available,117.99,117.99,high,low,4,namesilo,,,20/09/2026 11:18
e41520f6-bc7f-4b52-85c7-9f20782d6f57,submersed.accountants,available,117.99,117.99,medium,low,9,namesilo,,,10/09/2026 23:32
8091874c-8e80-40c2-891e-95bd09260dda,doggedly.accountants,available,117.99,117.99,medium,low,8,namesilo,,,14/09/2026 13:33
ebd17227-6473-4258-b088-9baa3e9343a2,sainted.accountants,available,43.99,153.99,high,low,7,name.com,,,
ef204796-3225-4ec8-a798-bdeef4367f83,klamath.accountants,available,117.99,117.99,high,low,7,namesilo,,,28/09/2026 06:07
10963a45-b390-4006-9dd3-59c8bf057a94,lon.accountants,available,117.99,117.99,medium,low,3,namesilo,,,28/09/2026 11:31
25750383-e17a-43cc-bafc-8a0a663df6dc,tyler.accountants,available,117.99,117.99,high,medium,5,namesilo,,,25/09/2026 08:02
67a1f1b6-12a2-4ac9-9531-e7af055811e2,soledad.accountants,available,23.17,93.2,medium,low,7,porkbun,,,30/09/2026 18:46
c31b7885-8737-4d1d-a81b-b11d85903f52,delaney.accountants,available,122.98,145.98,medium,low,7,namecheap,,,28/09/2026 04:06
b6ebf934-940f-4937-8211-3d618a811b3e,starters.accountants,available,23.17,93.2,medium,low,8,porkbun,,,29/09/2026 05:59
84d745b3-165c-47e7-a35c-29460bb00c3c,virginal.accountants,available,43.99,153.99,high,low,8,name.com,,,13/09/2026 05:57
1970dfbd-f2e4-4c5c-aca1-a9af3ddc2b82,discounter.accountants,available,93.35,93.35,high,low,10,spaceship,,,02/10/2026 05:50
006e90c4-255d-4009-88f7-3300e569ec81,anhinga.accountants,available,117.99,117.99,medium,low,7,namesilo,,,19/09/2026 08:18
7be7aabf-2bc0-4634-98ff-f3aef8c37949,indirect.accountants,available,43.99,153.99,high,low,8,name.com,,,12/08/2026 16:43
37d75d53-8673-4b46-a1c0-483f09980b1f,ama.accountants,available,90.2,90.2,high,low,3,cloudflare,,,01/10/2026 05:09
67c08376-cadb-4f48-a68d-375db5fff88b,privates.accountants,available,93.35,93.35,high,low,8,spaceship,,,02/10/2026 05:02
5093b889-80e0-45c4-912c-69a82bc57779,befuddled.accountants,available,43.99,153.99,medium,low,9,name.com,,,07/08/2026 11:41
939a8d70-51d1-4c25-a382-a4577b11ed41,sarajevo.accountants,available,117.99,117.99,high,low,8,namesilo,,,28/09/2026 06:43
56b8219a-a879-41bd-b5f2-655574a06250,ibnsina.accountants,available,122.98,145.98,medium,low,8,namecheap,,,16/09/2026 18:41
03693dab-baa1-492b-8941-62ac898368c1,recessive.accountants,available,117.99,117.99,high,low,9,namesilo,,,09/09/2026 11:25
54292df7-6c6c-4370-94c5-72d3abfbdfe3,owensboro.accountants,available,117.99,117.99,medium,low,9,namesilo,,,03/10/2026 01:45
3c2c4cba-c29e-4b36-aab3-2ed098378430,veinal.accountants,available,117.99,117.99,low,low,6,namesilo,,,13/09/2026 01:51
19d5a775-54a5-4d97-9881-d965b68cb839,latex.accountants,available,23.17,93.2,high,low,5,porkbun,,,29/09/2026 13:16
88712a3b-97ff-49a1-b1f6-047a6c54f774,amazement.accountants,available,122.98,145.98,high,low,9,namecheap,,,18/09/2026 16:18
129f47b3-236e-4960-abbe-c2f59f919345,pairs.accountants,available,117.99,117.99,medium,low,5,namesilo,,,16/09/2026 14:58
50167183-34a5-48d8-8c4a-346a5404ed5a,convinced.accountants,available,122.98,145.98,high,low,9,namecheap,,,01/10/2026 19:46
961f7b65-e75c-4e1d-b007-b980797edb2b,elmhurst.accountants,available,122.98,145.98,medium,low,8,namecheap,,,02/10/2026 01:13
400d9814-2e8a-4da3-837d-e5d4286fbee4,mathews.accountants,available,122.98,145.98,medium,low,7,namecheap,,,27/09/2026 01:56
9791b180-5f11-4132-ae25-25bebe3d36f0,gone.accountants,available,122.98,145.98,high,low,4,namecheap,,,22/09/2026 10:48
d3d45c28-7b3e-45f5-b3e9-5164669681c2,cassel.accountants,available,90.2,90.2,high,low,6,cloudflare,,,30/09/2026 13:49
100fffe4-c425-4a40-84db-694c2e3ab332,detectable.accountants,available,43.99,153.99,high,low,10,name.com,,,14/08/2026 04:42
e2da54a1-ae8f-406a-991d-6c755cf3bd2a,holdup.accountants,available,117.99,117.99,medium,low,6,namesilo,,,20/09/2026 06:37
16c383e1-04c6-4c17-9e6c-4952b05d7785,trasimeno.accountants,available,117.99,117.99,medium,low,9,namesilo,,,22/09/2026 16:12
116c29bc-bc94-4ad5-b07d-ff30d49a1226,canvasback.accountants,available,117.99,117.99,medium,low,10,namesilo,,,21/09/2026 10:51
83d171c6-b17a-435d-bf1e-02c57a05e514,fledgling.accountants,available,43.99,153.99,medium,low,9,name.com,,,11/08/2026 14:45
207922a1-a5ee-41f8-8615-167936e72b9f,diehard.accountants,available,117.99,117.99,medium,low,7,namesilo,,,11/09/2026 18:42
8414c52f-2b58-4091-8f68-e65ef578a765,standardized.accountants,available,93.35,93.35,high,low,12,spaceship,,,30/09/2026 19:58
0781e4a8-9eea-42ee-816a-e4f0a11fa3e7,evans.accountants,available,117.99,117.99,high,low,5,namesilo,,,20/09/2026 10:48
17f3acd9-8bb1-4dac-bee5-55d65d609a68,modem.accountants,available,117.99,117.99,high,low,5,namesilo,,,30/09/2026 04:48
0dfa3caa-3bc5-4b04-8e65-3ff8c1f58476,travellers.accountants,available,117.99,117.99,medium,low,10,namesilo,,,17/09/2026 22:15
54ac8c21-1cf1-417b-b916-922a138c9c6b,lund.accountants,available,117.99,117.99,high,low,4,namesilo,,,25/09/2026 09:11
4a2be01a-9f52-4316-a784-d852f1cd70e7,mesolithic.accountants,available,43.99,153.99,medium,low,10,name.com,,,24/08/2026 21:17
e2caf62a-8543-431b-b086-e1077822c557,moistness.accountants,available,43.99,153.99,medium,low,9,name.com,,,13/08/2026 16:47
251b38b2-3051-4636-a868-df5ca0e67f1c,aew.accountants,available,93.35,93.35,high,low,3,spaceship,,,02/10/2026 20:53
f78603c1-bc24-414c-8fe5-a3c4603affb6,carleton.accountants,available,117.99,117.99,high,low,8,namesilo,,,25/09/2026 15:18
1e2c81e7-05fa-4e6e-b4c2-3fd5064d8c4b,toad.accountants,available,43.99,153.99,high,low,4,name.com,,,05/08/2026 21:06
b0dcc75e-d44c-4834-bbca-926cea65276d,potassium.accountants,available,117.99,117.99,high,low,9,namesilo,,,20/09/2026 22:30
c7ece9c6-17ad-4219-8f27-56bf6f36ac03,distinctly.accountants,available,117.99,117.99,high,low,10,namesilo,,,14/09/2026 13:19
224ccad0-480b-40f8-b062-7989633910a9,perceval.accountants,available,90.2,90.2,medium,low,8,cloudflare,,,03/10/2026 03:56
c710383e-7d43-4f08-95d0-75404f7940ad,hothead.accountants,available,43.99,153.99,medium,low,7,name.com,,,13/08/2026 17:45
74fc8602-df78-4d78-bd6c-2dbdb4319586,anklets.accountants,available,117.99,117.99,medium,low,7,namesilo,,,19/09/2026 09:46
36a390a2-31c6-419f-a431-9b30d523bc13,agromania.accountants,available,122.98,145.98,medium,low,9,namecheap,,,17/09/2026 19:38
a6eb22c0-4c8e-4efe-9d3f-69c31eef13a9,gaps.accountants,available,117.99,117.99,medium,low,4,namesilo,,,20/09/2026 11:47
020a9ad5-373f-4ad8-b7ef-863f02221e89,uprightly.accountants,available,117.99,117.99,medium,low,9,namesilo,,,15/09/2026 01:06
c434afd3-7f95-427e-9aef-df7189dcb192,cluj.accountants,available,23.76,96.52,medium,low,4,dynadot,,,02/10/2026 17:19
b06cf8b4-92ee-43dc-abfb-1ffb13fbb9b0,spoils.accountants,available,117.99,117.99,high,low,6,namesilo,,,30/09/2026 06:19
6181c353-19a9-43b1-8b29-540527e4293d,ashtoreth.accountants,available,122.98,145.98,medium,low,9,namecheap,,,20/09/2026 14:02
84852a13-38a7-4cd1-88a4-01bde2c10a79,plaque.accountants,available,117.99,117.99,high,low,6,namesilo,,,29/09/2026 01:38
c9589015-9af9-45b3-bd3c-2f1f75da159d,granth.accountants,available,122.98,145.98,medium,low,6,namecheap,,,17/09/2026 08:05
a0cb4639-a7e6-4bea-a057-3eda8442685c,fermented.accountants,available,23.17,93.2,medium,low,9,porkbun,,,03/10/2026 02:54
659aa84d-8c0f-4104-8b14-84151def3f8a,boeing.accountants,available,122.98,145.98,high,low,6,namecheap,,,30/09/2026 20:16
471785bd-b1d7-4d16-a9dd-ffa377698734,macros.accountants,available,23.76,96.52,medium,low,6,dynadot,,,02/10/2026 03:27
523bccf4-26a1-4616-a6a0-5008bf406baa,sooner.accountants,available,122.98,145.98,high,low,6,namecheap,,,15/09/2026 21:16
a0cf863b-f322-44b8-b45b-a04b2e6908bf,gamba.accountants,available,117.99,117.99,medium,low,5,namesilo,,,22/09/2026 11:54
1fcaa688-9992-441e-b8b5-c548fc9359d6,founders.accountants,available,90.2,90.2,high,low,8,cloudflare,,,01/10/2026 00:45
862c7169-f920-41fd-a898-dee797a89944,fai.accountants,available,117.99,117.99,high,low,3,namesilo,,,29/09/2026 09:08
1f008278-5e50-46aa-af3b-23f8861778e5,calls.accountants,available,122.98,145.98,medium,low,5,namecheap,,,18/09/2026 14:59
8a7c0706-3b6c-4e6d-9432-f54dee8efb17,growling.accountants,available,117.99,117.99,medium,low,8,namesilo,,,30/09/2026 09:58
e6499a6b-fa0d-4560-bca3-8ea306eed0b8,colonised.accountants,available,43.99,153.99,medium,low,9,name.com,,,12/08/2026 17:25
db102ea4-62df-40e9-a660-5d1c19ae062d,antennae.accountants,available,90.2,90.2,medium,low,8,cloudflare,,,02/10/2026 21:36
02afd760-02d3-4562-b8df-ac438be92fc3,maps.accountants,available,43.99,153.99,high,low,4,name.com,,,
d6f06056-ad49-4dfd-acef-f17dd8d804ad,pent.accountants,available,43.99,153.99,medium,low,4,name.com,,,08/09/2026 14:42
d527f6bb-7038-4190-b488-d5d3cb32cfe8,deposition.accountants,available,117.99,117.99,high,low,10,namesilo,,,24/09/2026 22:00
11fe3bea-fd2a-49a8-8778-84c925fc1228,psg.accountants,available,117.99,117.99,high,low,3,namesilo,,,02/10/2026 18:45
94e3883c-6d01-4176-af61-5f604f52fbb7,bring.accountants,available,122.98,145.98,high,low,5,namecheap,,,25/09/2026 05:59
99ddd611-2634-4958-9daf-fe2a5ec31d11,humanely.accountants,available,117.99,117.99,medium,low,8,namesilo,,,15/09/2026 01:17
59706e83-9038-4324-b55a-b4b234f1f78b,tavern.accountants,available,117.99,117.99,high,low,6,namesilo,,,28/09/2026 15:26
c9a1166b-f2a1-4980-b34d-7952ccdc03f6,heian.accountants,available,93.35,93.35,medium,low,5,spaceship,,,02/10/2026 23:11
222b38fa-e367-417d-bb61-2cbcb14399e8,companionship.accountants,available,117.99,117.99,high,low,13,namesilo,,,30/09/2026 22:32
1364831a-e116-45e5-a1f7-8dfffc20d9c8,rant.accountants,available,117.99,117.99,high,low,4,namesilo,,,24/09/2026 03:37
9ea506d3-6125-44e5-b547-d5580c7856c7,epstein.accountants,available,117.99,117.99,high,low,7,namesilo,,,27/09/2026 03:50
1e81cc3f-9628-4dee-92e2-7fe814b4bd4d,clemens.accountants,available,93.35,93.35,high,low,7,spaceship,,,27/09/2026 12:32
e6236827-5fe7-4113-9e21-26db57963d6b,syringe.accountants,available,90.2,90.2,high,low,7,cloudflare,,,30/09/2026 11:09
46d089ce-87cc-479c-89e0-59dbe8b605ae,addax.accountants,available,117.99,117.99,medium,low,5,namesilo,,,17/09/2026 06:40
e5943290-f6bf-4e9d-8912-b9b21509c170,exposing.accountants,available,90.2,90.2,medium,low,8,cloudflare,,,29/09/2026 10:25
162adc07-ae55-428c-82af-bb37cedef5b6,voyage.accountants,available,117.99,117.99,high,low,6,namesilo,,,28/09/2026 02:51
be37375c-3d75-4575-a857-c2e7276ce98a,tauten.accountants,available,43.99,153.99,medium,low,6,name.com,,,18/08/2026 05:16
68ca26df-7cbc-4525-800a-51f9f818e14a,cato.accountants,available,117.99,117.99,high,low,4,namesilo,,,28/09/2026 07:17
a2d70167-fd26-4800-9cb7-cc1583daf900,tailed.accountants,available,43.99,153.99,medium,low,6,name.com,,,11/09/2026 07:08
edd300b8-33b1-479c-988a-5b174693c2f9,crave.accountants,available,90.2,90.2,high,low,5,cloudflare,,,01/10/2026 20:26
a76d11c7-c195-4064-b82a-54867059e8e1,pediatric.accountants,available,117.99,117.99,high,low,9,namesilo,,,04/09/2026 22:48
81d53abd-4b27-4814-a61c-919c4aebb2a1,butter.accountants,available,117.99,117.99,high,low,6,namesilo,,,29/09/2026 05:32
73cdf6de-386e-49db-81cc-abc688f1f2dd,conclude.accountants,available,93.35,93.35,high,low,8,spaceship,,,28/09/2026 10:47
27285682-cc3b-4253-a3ca-64d6367b470c,afro.accountants,available,117.99,117.99,high,low,4,namesilo,,,17/09/2026 15:30
6ab5bdee-c9c8-485d-97ce-910f0fbad1c0,snowstorm.accountants,available,93.35,93.35,high,low,9,spaceship,,,02/10/2026 23:35
0d820c53-f94f-4339-8a76-1cb7f75fb512,bimonthly.accountants,available,43.99,153.99,high,low,9,name.com,,,09/08/2026 22:42
670517f9-0f91-4747-b1b5-ffa0f1dcb5a6,unowned.accountants,available,117.99,117.99,medium,low,7,namesilo,,,04/09/2026 22:16
edccf797-0473-449e-a303-fe2388bd0a0c,feminism.accountants,available,90.2,90.2,high,low,8,cloudflare,,,29/09/2026 19:12
9423739f-76d0-4fc4-a007-93f24754c7bf,bentwood.accountants,available,122.98,145.98,medium,low,8,namecheap,,,23/09/2026 08:47
dc9efc24-d8c7-4c81-9f35-63c54f54c5e1,debates.accountants,available,117.99,117.99,medium,low,7,namesilo,,,02/10/2026 02:29
894e2292-259a-493f-ae3e-6197b5c6dd96,escaped.accountants,available,43.99,153.99,medium,low,7,name.com,,,07/08/2026 11:22
32edfe29-85d8-4329-b9b7-dc82de96e1f7,mar.accountants,available,117.99,117.99,high,low,3,namesilo,,,24/09/2026 05:35
966d2f14-a53b-4d49-83f2-4e81cebfea65,werner.accountants,available,117.99,117.99,high,low,6,namesilo,,,25/09/2026 21:47
00d3f3b0-663c-4c20-b95e-9f52ff13f802,blackhead.accountants,available,117.99,117.99,medium,low,9,namesilo,,,24/09/2026 02:47
f39854b0-b6d3-439b-89b7-403972584e30,hon.accountants,available,117.99,117.99,high,low,3,namesilo,,,25/09/2026 12:00
de6d1de3-39c3-4cfb-a2d9-2b78b5de624a,lips.accountants,available,23.76,96.52,high,low,4,dynadot,,,01/10/2026 00:24
1e8f39af-b2f4-48f6-90d3-fa346f4c771c,detecting.accountants,available,117.99,117.99,high,low,9,namesilo,,,29/09/2026 14:14
8378c78b-5102-4dbe-b6f3-ed38abcec591,discontinuous.accountants,available,122.98,145.98,low,low,13,namecheap,,,30/09/2026 06:03
ad6e63e4-1ec1-4de2-a0f5-1cf3fed524c3,patterned.accountants,available,117.99,117.99,medium,low,9,namesilo,,,08/09/2026 10:49
15ee98b1-2bd5-4cac-9406-413b8a91a292,handed.accountants,available,43.99,153.99,high,low,6,name.com,,,20/08/2026 23:25
3cab46ef-a1c3-44da-9af8-9a97eb8861b3,moneyless.accountants,available,43.99,153.99,medium,low,9,name.com,,,25/08/2026 04:43
beb9d9d3-4d95-4a9e-984b-3f11ed4f3509,enslaved.accountants,available,93.35,93.35,low,low,8,spaceship,,,30/09/2026 22:26
11655407-85c5-460f-a28b-5ef31c75356a,verbose.accountants,available,43.99,153.99,medium,low,7,name.com,,,24/08/2026 09:27
628f41ef-e0a4-40b2-982d-468dd31436c0,anther.accountants,available,117.99,117.99,medium,low,6,namesilo,,,19/09/2026 13:08
538222cf-adbb-446e-98e8-f48fdd4551b4,unpressed.accountants,available,117.99,117.99,low,low,9,namesilo,,,12/09/2026 17:24
a9ab0b95-85ec-45d8-808f-538b3deaf4ad,begonia.accountants,available,117.99,117.99,medium,low,7,namesilo,,,23/09/2026 02:28
0b3b5937-12fa-4cd0-9035-3244f8f6226a,suffice.accountants,available,117.99,117.99,high,low,7,namesilo,,,01/10/2026 22:14
77b983df-477c-448d-b1ed-14e6cce5c74d,mustafa.accountants,available,93.35,93.35,high,low,7,spaceship,,,28/09/2026 11:56
14c77e96-4a1c-448c-a84c-5623d310e97f,objects.accountants,available,93.35,93.35,medium,low,7,spaceship,,,02/10/2026 16:26
119d94de-74b4-465b-86a6-3c14e005974e,endless.accountants,available,43.99,153.99,high,low,7,name.com,,,13/08/2026 18:44
88fd047a-80ac-4cd8-95f0-e8f841f3a9d0,vines.accountants,available,117.99,117.99,medium,low,5,namesilo,,,29/09/2026 23:04
f2b76163-e5fb-43c8-a099-c29e8a10ee2f,briefcase.accountants,available,90.2,90.2,high,low,9,cloudflare,,,29/09/2026 04:11
bb86273a-905b-43f4-ab11-7693f0c2f884,gregorian.accountants,available,43.99,153.99,high,low,9,name.com,,,20/08/2026 19:58
ffbe697f-84d6-4599-a2a4-34b36e0c1f85,phantasma.accountants,available,117.99,117.99,high,low,9,namesilo,,,08/09/2026 18:38
0c9f57b9-e067-46b4-8667-0e1bf968c843,hanna.accountants,available,90.2,90.2,medium,low,5,cloudflare,,,28/09/2026 07:49
6a8330cd-7003-4a82-83da-b0819c8e5d72,ubuntu.accountants,available,117.99,117.99,high,low,6,namesilo,,,02/10/2026 12:40
a3a3fb0c-14b9-47b2-bf8e-13b1c4a52e2c,inga.accountants,available,90.2,90.2,medium,low,4,cloudflare,,,02/10/2026 05:24
e14b5584-8b99-4113-a65c-1a65432a48e0,declarative.accountants,available,23.76,96.52,high,low,11,dynadot,,,02/10/2026 18:26
4caff20e-415f-4d7f-9336-a3e1f3fc0b2a,opt.accountants,available,23.76,96.52,high,low,3,dynadot,,,30/09/2026 21:14
d35998cf-8bf2-40a3-b5e8-b202108576a1,entangled.accountants,available,43.99,153.99,medium,low,9,name.com,,,16/08/2026 13:26
1b44dea0-c1c4-45e3-8412-66111335450e,astilbe.accountants,available,117.99,117.99,medium,low,7,namesilo,,,20/09/2026 17:26
adfc6ed9-915f-4dda-adec-5bac8baea09d,placenta.accountants,available,117.99,117.99,high,low,8,namesilo,,,02/10/2026 16:24
435819b3-b22c-4bf5-9cc9-a792d716312c,frizzly.accountants,available,43.99,153.99,medium,low,7,name.com,,,18/08/2026 16:06
5f8f418a-e1b5-4ff5-9863-c769c7b10490,despondent.accountants,available,117.99,117.99,medium,low,10,namesilo,,,24/09/2026 06:51
9ddb0951-bb55-4d0f-a977-a94fc2e2cbf0,gel.accountants,available,122.98,145.98,high,low,3,namecheap,,,24/09/2026 16:20
d5e47fff-3034-40d9-a671-386210044ce4,distances.accountants,available,93.35,93.35,low,low,9,spaceship,,,30/09/2026 15:36
e35ec196-8e36-4423-8dde-953529d25122,gamely.accountants,available,122.98,145.98,medium,low,6,namecheap,,,14/09/2026 21:02
2d2fc357-1eb8-457f-b693-9d4cbe8382c6,rams.accountants,available,122.98,145.98,high,low,4,namecheap,,,30/09/2026 20:33
b001a6d0-114e-43ee-a0f8-b7fd54c1bfdc,loader.accountants,available,23.76,96.52,medium,low,6,dynadot,,,03/10/2026 00:31
94f54c10-acba-4d7c-9a8c-7d7f2d0e958f,aug.accountants,available,43.99,153.99,high,low,3,name.com,,,07/08/2026 17:10
8babcea5-17c4-4e83-8595-69dc0e0b1c6a,leads.accountants,available,122.98,145.98,high,low,5,namecheap,,,25/09/2026 20:21
d38e054a-4354-4cd8-9002-2910873d64bb,govern.accountants,available,117.99,117.99,high,low,6,namesilo,,,29/09/2026 13:54
8c1416eb-fa1e-4cd5-bd3c-454d6903680d,angulate.accountants,available,43.99,153.99,medium,low,8,name.com,,,
63aed0ae-9140-41f8-9428-234d773db1a7,likewise.accountants,available,117.99,117.99,high,low,8,namesilo,,,22/09/2026 00:06
f08b2d14-5a8a-4575-beb5-25f6ed8a2483,crate.accountants,available,122.98,145.98,high,low,5,namecheap,,,24/09/2026 19:07
cac332a4-f04a-496f-abc4-fefb32374e13,gifted.accountants,available,43.99,153.99,high,low,6,name.com,,,18/08/2026 23:27
a72d8c4a-03ad-4386-a7eb-3cdcb69b60ba,torino.accountants,available,93.35,93.35,high,low,6,spaceship,,,29/09/2026 02:19
e168b6f6-d6d8-4985-b97c-fb04b20686e4,fuddled.accountants,available,43.99,153.99,low,low,7,name.com,,,09/08/2026 15:36
faf8ab2e-9040-4e71-8418-588919f836f3,southwestern.accountants,available,90.2,90.2,medium,low,12,cloudflare,,,01/10/2026 16:25
6d7dfc2b-5a18-46ce-ae38-8cc5cfdc993b,narratives.accountants,available,122.98,145.98,medium,low,10,namecheap,,,20/09/2026 10:13
5ca244f9-1d6a-40be-b978-7877bdf44766,bracelet.accountants,available,122.98,145.98,high,low,8,namecheap,,,22/09/2026 01:56
0b9a0a24-05df-45ae-b355-b70700af7a0d,simplicity.accountants,available,93.35,93.35,high,low,10,spaceship,,,29/09/2026 08:19
ecfa7b7d-7316-4b0b-acb7-d8634e3a934e,smasher.accountants,available,43.99,153.99,high,low,7,name.com,,,22/08/2026 16:38
881b98b3-ca10-4da5-bde2-919a580a71c1,filetypes.accountants,available,117.99,117.99,medium,low,9,namesilo,,,20/09/2026 01:57
82fd06f5-ff7d-4954-9e17-e0995d8e6b90,warnings.accountants,available,93.35,93.35,medium,low,8,spaceship,,,29/09/2026 17:44
89a0ab07-8fa9-4e57-91a0-68abe4835668,mistreat.accountants,available,122.98,145.98,medium,low,8,namecheap,,,16/09/2026 19:06
cc625ae2-952f-4cb6-8173-ea9fa849f1bc,registered.accountants,available,93.35,93.35,high,low,10,spaceship,,,27/09/2026 11:32
21f2b5a0-1220-4c10-83cb-f4c79bbc5a15,capitalize.accountants,available,93.35,93.35,high,low,10,spaceship,,,30/09/2026 17:00
f247504f-c76b-4595-b3ed-c0330498d50c,abjuration.accountants,available,117.99,117.99,medium,low,10,namesilo,,,16/09/2026 15:59
975c9fc9-927e-4a38-adb4-8e0e7fe71263,osman.accountants,available,122.98,145.98,medium,low,5,namecheap,,,28/09/2026 22:06
7e32672f-4b9f-47b0-a1eb-38c910a4f2b2,shameless.accountants,available,117.99,117.99,medium,low,9,namesilo,,,10/09/2026 05:53
d014935b-0da0-42af-9ae8-d2b66ddd927b,housewife.accountants,available,93.35,93.35,medium,low,9,spaceship,,,29/09/2026 01:18
e3c50cc5-18e0-466f-a8f7-fa52cff5c2f2,caron.accountants,available,93.35,93.35,high,low,5,spaceship,,,30/09/2026 19:21
12a570c5-ca53-411c-8d1a-4b4624d2acca,will.accountants,available,90.2,90.2,high,medium,4,cloudflare,,,30/09/2026 14:37
821b359f-ad05-4787-97d5-23e5cb856771,unmade.accountants,available,117.99,117.99,medium,low,6,namesilo,,,12/09/2026 15:15
34e0a49f-0c94-49bb-9ec7-73a2de17d5b4,columns.accountants,available,93.35,93.35,low,low,7,spaceship,,,28/09/2026 23:03
9c6a265c-454c-4aba-a8fd-bdd43a7f4c4b,shaping.accountants,available,117.99,117.99,high,low,7,namesilo,,,10/09/2026 05:59
8cf8135b-17b0-4510-8756-586defed59df,vanquish.accountants,available,43.99,153.99,high,low,8,name.com,,,09/08/2026 05:32
ad901cfd-279e-4a79-9208-4ea4f0c98b01,housebound.accountants,available,43.99,153.99,medium,low,10,name.com,,,21/08/2026 10:56
e85b3a12-fcdc-4141-aab5-9eb57d94723e,breathless.accountants,available,43.99,153.99,medium,low,10,name.com,,,11/08/2026 03:23
62f62619-2cf4-4beb-92a9-2e60b6e41f66,flamingo.accountants,available,90.2,90.2,high,low,8,cloudflare,,,02/10/2026 04:52
32f1f315-ecce-49d4-bb52-05ae0fe5cc8c,penumbral.accountants,available,117.99,117.99,medium,low,9,namesilo,,,08/09/2026 15:25
fa060ef2-ec4e-4cee-9e31-c13777f6e9a9,assertive.accountants,available,43.99,153.99,medium,low,9,name.com,,,07/08/2026 05:59
bbbd2081-5521-4d89-a64f-18175432b3ad,limbless.accountants,available,43.99,153.99,medium,low,8,name.com,,,23/08/2026 12:35
674436a5-cd70-4593-bcae-664ee407587f,delineated.accountants,available,43.99,153.99,medium,low,10,name.com,,,14/08/2026 00:37
79dc5023-3d3b-459e-b056-5ffc9c819e47,else.accountants,available,93.35,93.35,high,low,4,spaceship,,,30/09/2026 23:12
918fcd3d-3689-4698-9122-fa914870b3e5,knighthood.accountants,available,23.76,96.52,high,low,10,dynadot,,,02/10/2026 05:33
59df3083-8c23-46eb-837d-f13d37967ba5,starve.accountants,available,23.76,96.52,medium,low,6,dynadot,,,28/09/2026 19:47
d2bb728e-1806-4bbc-9276-022cb08c7524,sanitarium.accountants,available,117.99,117.99,high,low,10,namesilo,,,02/10/2026 06:19
0a33794a-39a5-4750-8aa9-99066eef1861,unselfish.accountants,available,122.98,145.98,high,low,9,namecheap,,,12/09/2026 19:16
1808bb57-6e77-4c0d-947a-f2387aea1bdc,surrounds.accountants,available,90.2,90.2,high,low,9,cloudflare,,,30/09/2026 15:44
1ac093bf-3531-4021-9193-da5fc5adf8a3,barnwell.accountants,available,93.35,93.35,medium,low,8,spaceship,,,02/10/2026 08:01
cd089298-7dd4-49e5-b042-736eca526737,sunburst.accountants,available,117.99,117.99,high,low,8,namesilo,,,30/09/2026 12:20
b189f6aa-4c3c-4f3a-a9d3-2d0a58417f6b,angara.accountants,available,117.99,117.99,medium,low,6,namesilo,,,19/09/2026 05:44
0353befd-d144-4bf8-97a7-b0ff0df1e0ad,speckled.accountants,available,43.99,153.99,medium,low,8,name.com,,,14/08/2026 16:34
d266e370-5ed6-4c6f-a6ac-d75776408f5c,passages.accountants,available,23.76,96.52,medium,low,8,dynadot,,,29/09/2026 16:50
0440c3f0-3cf0-4c50-a540-5507ecab573e,costly.accountants,available,117.99,117.99,high,low,6,namesilo,,,24/09/2026 00:19
845fbf29-16f3-4f95-9eb0-31ff90e08d9c,finespun.accountants,available,43.99,153.99,medium,low,8,name.com,,,18/08/2026 04:51
c070a37d-99bb-4946-9090-0ef59f35d128,oars.accountants,available,117.99,117.99,medium,low,4,namesilo,,,18/09/2026 11:47
a792d5b1-9cce-4456-bdf0-b844f97572ee,installation.accountants,available,117.99,117.99,high,low,12,namesilo,,,29/09/2026 04:43
eb713259-4600-45c2-bee0-5ce9971e6b08,valery.accountants,available,117.99,117.99,medium,low,6,namesilo,,,30/09/2026 13:51
3f4d7701-2e4e-460d-9e30-8a347f9fc739,stockholders.accountants,available,93.35,93.35,medium,low,12,spaceship,,,01/10/2026 18:35
1ea71099-88de-49c3-b2f5-c64ec73db98c,artesian.accountants,available,43.99,153.99,medium,low,8,name.com,,,06/08/2026 22:39
bc5c544d-1c0e-4232-9038-12f235d23554,trinity.accountants,available,117.99,117.99,high,medium,7,namesilo,,,21/09/2026 13:07
2e3d84f5-d382-4647-ab35-d3f8421108e0,ohl.accountants,available,23.17,93.2,medium,low,3,porkbun,,,01/10/2026 12:36
6a8ae58c-32de-4373-87da-93d0f562900f,cheng.accountants,available,23.76,96.52,medium,low,5,dynadot,,,28/09/2026 11:35
bd062f4b-7c5c-4463-b805-1d66f3633055,rustless.accountants,available,122.98,145.98,medium,low,8,namecheap,,,09/09/2026 20:19
9177a470-cdf5-4775-a6de-18635b8d663d,binge.accountants,available,117.99,117.99,high,low,5,namesilo,,,23/09/2026 17:18
7fb8a126-c568-4f20-a30c-bd34b89cb1a5,astrocyte.accountants,available,117.99,117.99,medium,low,9,namesilo,,,20/09/2026 17:36
aa7b96d5-8308-420a-a6f8-539611274874,achievement.accountants,available,90.2,90.2,high,low,11,cloudflare,,,28/09/2026 08:12
916b6b0d-29d1-4122-8680-3900ebab59a9,chiliad.accountants,available,43.99,153.99,high,low,7,name.com,,,
265aa9c4-95cb-4913-b466-b770c23eb102,obtaining.accountants,available,93.35,93.35,low,low,9,spaceship,,,30/09/2026 23:25
bca8cccf-4888-499a-990f-6a143af2c023,albuquerque.accountants,available,117.99,117.99,medium,low,11,namesilo,,,29/09/2026 05:43
8d0c0e2e-252a-4196-aa07-9f731cbe80fe,fifa.accountants,available,93.35,93.35,high,medium,4,spaceship,,,30/09/2026 12:50
25e2ec9e-4052-487c-bdeb-5aa54d7dc900,hurricanes.accountants,available,117.99,117.99,medium,low,10,namesilo,,,30/09/2026 15:08
35830c34-2bb2-440c-9360-aaff8c0a22ad,quarantine.accountants,available,117.99,117.99,medium,low,10,namesilo,,,28/09/2026 15:10
115b53b6-5b0f-493c-a17c-ff638578251d,mahler.accountants,available,90.2,90.2,medium,low,6,cloudflare,,,29/09/2026 01:10
cd8fe370-89c1-4c1e-9d1b-a8a93280ba20,manifest.accountants,available,93.35,93.35,high,medium,8,spaceship,,,02/10/2026 10:57
0050cc43-fa82-4a36-a369-f910c2e01a72,carolina.accountants,available,23.76,96.52,high,low,8,dynadot,,,28/09/2026 01:35
64a2b662-5464-49b2-b392-9fde5786e888,jackass.accountants,available,93.35,93.35,medium,low,7,spaceship,,,01/10/2026 01:11
40067d6e-1e46-4b13-92dc-22f86405f932,accurst.accountants,available,43.99,153.99,medium,low,7,name.com,,,
7ba94b1a-d1ec-4c11-bfdd-463fcc7edcfd,boston.accountants,available,90.2,90.2,high,low,6,cloudflare,,,29/09/2026 01:41
8aeec98c-5b3f-431e-9dbb-ff284f7048bb,graduated.accountants,available,43.99,153.99,high,low,9,name.com,,,11/08/2026 14:18
c11e3fe0-8d10-47b5-95d4-975e45380446,zooming.accountants,available,90.2,90.2,high,low,7,cloudflare,,,01/10/2026 17:57
812dbe35-7ad2-4f43-b6f2-74e822581c68,nonsense.accountants,available,117.99,117.99,high,low,8,namesilo,,,30/09/2026 22:57
a2b776b4-1e7c-4823-a0fd-2b3f1813509f,brigadier.accountants,available,90.2,90.2,high,low,9,cloudflare,,,02/10/2026 23:42
829996f8-09d5-4823-a28e-b551f84118d1,leader.accountants,available,117.99,117.99,high,low,6,namesilo,,,30/09/2026 02:28
7fb00d48-0e50-49b7-8314-15c7132c0228,andromeda.accountants,available,93.35,93.35,high,medium,9,spaceship,,,28/09/2026 21:22
d0ec9024-13b6-44fa-97fc-d8e85b1e5f16,extrinsic.accountants,available,43.99,153.99,medium,low,9,name.com,,,17/08/2026 19:37
8075dd99-50ce-4086-94e1-d0d37f2e45bc,quo.accountants,available,93.35,93.35,high,low,3,spaceship,,,02/10/2026 07:17
7aee9e68-e762-4f91-8cf1-456b829f8c30,dalliance.accountants,available,117.99,117.99,medium,low,9,namesilo,,,11/09/2026 19:38
28805063-4363-43f7-a702-5bc7da7caa12,minutes.accountants,available,117.99,117.99,high,low,7,namesilo,,,30/09/2026 04:36
5c451693-08ca-4c97-8ffe-c17f1bdda7d0,youngish.accountants,available,117.99,117.99,medium,low,8,namesilo,,,13/09/2026 14:49
5e0d4d9e-eea2-4b23-8203-6a29b400af2d,unifying.accountants,available,43.99,153.99,high,low,8,name.com,,,12/08/2026 22:44
3b5ba111-7942-487a-858b-48d16ecf13b8,wed.accountants,available,117.99,117.99,high,low,3,namesilo,,,13/09/2026 09:28
91493beb-2145-465a-85de-99362128bd48,vary.accountants,available,117.99,117.99,high,low,4,namesilo,,,25/09/2026 21:59
dba4e9c2-c0a9-4a83-ae20-d24df98302d3,twinning.accountants,available,43.99,153.99,high,low,8,name.com,,,10/08/2026 04:17
fcc1125f-609a-4837-8ba9-8a621bdacc1b,progressive.accountants,available,117.99,117.99,high,low,11,namesilo,,,19/09/2026 14:06
f80ae6fd-086b-4989-96db-e285a1c1379a,potentially.accountants,available,117.99,117.99,medium,low,11,namesilo,,,28/09/2026 07:08
7bdd1a38-5e99-4bed-a99a-309f46303ad6,stationed.accountants,available,90.2,90.2,medium,low,9,cloudflare,,,28/09/2026 17:32
cabbd31a-b794-4cc9-88a8-b9f6288b0a7c,sens.accountants,available,122.98,145.98,high,low,4,namecheap,,,01/10/2026 01:48
4fedde85-55ea-4561-be5b-b1a9d4fa499e,aplysia.accountants,available,122.98,145.98,medium,low,7,namecheap,,,19/09/2026 17:53
95b00632-25be-476e-b513-a55935539ffb,cucumber.accountants,available,93.35,93.35,high,low,8,spaceship,,,29/09/2026 12:58
7bb04ced-cc3e-4de4-ac95-6a921b893c4c,crashes.accountants,available,93.35,93.35,low,low,7,spaceship,,,29/09/2026 05:45
4bdd7e9d-3bcb-4686-aa8d-4bea4d3f9370,harrowing.accountants,available,43.99,153.99,medium,low,9,name.com,,,
3eb79353-edb1-414b-a4f3-d24da0862633,anton.accountants,available,117.99,117.99,high,low,5,namesilo,,,25/09/2026 21:48
25efad73-de5b-45a0-9079-4321e50b0fe7,hardman.accountants,available,90.2,90.2,medium,low,7,cloudflare,,,02/10/2026 21:07
6cdd8853-71cd-4953-8aa6-3cc18748dc42,later.accountants,available,117.99,117.99,high,low,5,namesilo,,,21/09/2026 22:11
d85a4f8d-39bc-405e-8fe4-0a5ff22e159a,slipped.accountants,available,117.99,117.99,high,low,7,namesilo,,,18/09/2026 02:25
8b55a988-eeca-48b9-bf2a-76950565251b,lol.accountants,available,90.2,90.2,high,low,3,cloudflare,,,30/09/2026 21:37
73ed6fda-4112-4bf0-8696-ab374e1b902b,smallish.accountants,available,117.99,117.99,medium,low,8,namesilo,,,10/09/2026 11:46
52833d53-a7d4-40a4-8c22-5d0ad29505c4,contender.accountants,available,90.2,90.2,high,low,9,cloudflare,,,30/09/2026 16:39
d1542ac4-c690-4a4f-945d-2d4689b4f827,trading.accountants,available,93.35,93.35,high,low,7,spaceship,,,30/09/2026 13:44
13e14797-8a5b-4b0b-b4f9-3278001ec9fa,exclaimed.accountants,available,117.99,117.99,medium,low,9,namesilo,,,18/09/2026 01:31
755f5db8-f35a-45e6-bd43-55fe684098d6,degrade.accountants,available,23.76,96.52,medium,low,7,dynadot,,,01/10/2026 22:09
52ec6301-ca2b-43d5-b5ee-9577afdb1969,vestal.accountants,available,117.99,117.99,medium,low,6,namesilo,,,13/09/2026 04:47
490b8d3c-5b0b-4c1d-a147-f72d9f6a4cf4,abidance.accountants,available,122.98,145.98,high,low,8,namecheap,,,16/09/2026 15:33
feeae238-c459-40a4-a8c9-1e8a5fac5f54,zheng.accountants,available,90.2,90.2,medium,low,5,cloudflare,,,28/09/2026 11:37
8326c205-f5e0-48ec-80f1-df1622e52341,revolver.accountants,available,23.17,93.2,high,low,8,porkbun,,,28/09/2026 20:20
a066eef4-8bed-45c8-aef2-8638f8d80252,hyoid.accountants,available,43.99,153.99,medium,low,5,name.com,,,21/08/2026 16:35
495d005e-372f-4ad1-b466-eccb2db39c49,robustly.accountants,available,117.99,117.99,medium,low,8,namesilo,,,15/09/2026 23:57
78a21a36-e02c-41f3-a9af-ce5923559d52,assize.accountants,available,117.99,117.99,medium,low,6,namesilo,,,20/09/2026 16:30
2533c54d-dbdc-4ae2-a60f-34ff760afa4b,zambian.accountants,available,117.99,117.99,high,low,7,namesilo,,,13/09/2026 15:05
ed8caa78-4004-42a2-b09f-b54fa0aa4af8,ebook.accountants,available,117.99,117.99,high,low,6,namesilo,,,01/10/2026 04:46
d45a2be5-f43d-478d-8b11-e8a5e0fead69,vial.accountants,available,117.99,117.99,high,low,4,namesilo,,,18/09/2026 23:48
a22a881e-5f79-46f0-a0b7-173ecdbce77e,deo.accountants,available,93.35,93.35,high,low,3,spaceship,,,29/09/2026 23:45
b28bbd10-56a0-4e3f-bbdb-94667984e6ee,msu.accountants,available,117.99,117.99,high,low,3,namesilo,,,29/09/2026 09:17
2ba0f5c9-0ba7-441d-abd0-33b82aeabffe,elimination.accountants,available,117.99,117.99,high,low,11,namesilo,,,02/10/2026 05:32
c72aff7f-098c-4c76-ba11-901e957cb6f6,fireball.accountants,available,117.99,117.99,high,low,8,namesilo,,,21/09/2026 22:35
287e0aa6-a69e-4466-9d72-bf0ac702e3c6,goofy.accountants,available,43.99,153.99,medium,low,5,name.com,,,12/08/2026 14:50
f3c65feb-c98c-4673-bf26-4ff851a733fb,ascender.accountants,available,43.99,153.99,high,low,8,name.com,,,20/09/2026 13:07
b253fc05-df9c-4bc7-b730-d777f04a8aef,industrialize.accountants,available,117.99,117.99,medium,low,13,namesilo,,,01/10/2026 08:51
70b359d1-9ef7-4526-9fcf-c59376d84e34,nacreous.accountants,available,117.99,117.99,medium,low,8,namesilo,,,03/09/2026 12:37
3615d891-d1b6-4596-8ed3-ad17caf73232,rushing.accountants,available,117.99,117.99,medium,low,7,namesilo,,,27/09/2026 17:20
4c6ca6e6-f5c6-4825-ace0-e580657d3b08,lymphatic.accountants,available,43.99,153.99,medium,low,9,name.com,,,24/08/2026 12:33
48fffac0-3801-4a75-90cc-a5d78ebad427,flares.accountants,available,117.99,117.99,medium,low,6,namesilo,,,01/10/2026 00:40
c5808f61-a5eb-40f4-9698-44686ded2256,argues.accountants,available,117.99,117.99,medium,low,6,namesilo,,,02/10/2026 13:47
833837f0-f309-40cb-880a-b12105779e83,elderberry.accountants,available,117.99,117.99,medium,low,10,namesilo,,,24/09/2026 00:39
0d20e7ec-a1b5-4e24-a0bf-f558c78a2023,common.accountants,available,117.99,117.99,high,low,6,namesilo,,,23/09/2026 15:53
19fef840-da04-421e-8715-528cd86753b7,sorely.accountants,available,122.98,145.98,medium,low,6,namecheap,,,16/09/2026 05:13
5a78d912-44bd-4a8e-8f3c-d3e3549e5116,eyed.accountants,available,43.99,153.99,high,low,4,name.com,,,17/08/2026 20:00
d60f0ed4-191b-4242-a5ae-a4e0b1a2cbb5,beldame.accountants,available,117.99,117.99,medium,low,7,namesilo,,,23/09/2026 04:46
00c2f667-a3e9-4203-aa0c-97b9fbaf80e5,mixable.accountants,available,43.99,153.99,medium,low,7,name.com,,,25/08/2026 01:25
b4f0c293-8b82-437d-88dc-0e4d91faccb1,lonesome.accountants,available,90.2,90.2,medium,low,8,cloudflare,,,28/09/2026 21:14
39ae675e-b33f-4279-a526-c8dbcf799859,deptford.accountants,available,122.98,145.98,medium,low,8,namecheap,,,02/10/2026 10:48
7408abfb-0f16-4758-a9c2-c3f78f731652,abdallah.accountants,available,90.2,90.2,medium,low,8,cloudflare,,,29/09/2026 21:48
9ecde46e-053c-4afc-9fb1-727cf1a37007,unpackaged.accountants,available,117.99,117.99,medium,low,10,namesilo,,,12/09/2026 16:23
e3080def-1ca2-4d08-9d9a-8ab14f84522f,cryogenic.accountants,available,43.99,153.99,medium,low,9,name.com,,,13/08/2026 09:35
5f78c5a9-96e4-40b6-8cc1-2254df02928f,protocol.accountants,available,117.99,117.99,high,low,8,namesilo,,,24/09/2026 16:37
4f6f62e4-4775-42ce-ab4c-6f496c43bfc6,cleaned.accountants,available,117.99,117.99,high,low,7,namesilo,,,27/09/2026 02:45
c00d3144-056d-4348-b0da-5f7c263331b8,forthright.accountants,available,43.99,153.99,high,low,10,name.com,,,11/08/2026 16:42
b401b21f-b58d-4d45-a81f-c73a7666c291,resist.accountants,available,117.99,117.99,high,low,6,namesilo,,,21/09/2026 22:09
ab91951c-a632-44cf-be63-6f1db96d9489,araceae.accountants,available,117.99,117.99,medium,low,7,namesilo,,,19/09/2026 23:36
db6d5e60-a3b0-4c76-a497-6e0d475e1706,gravelly.accountants,available,43.99,153.99,medium,low,8,name.com,,,20/08/2026 18:27
385b8756-671e-46b6-a173-326f3beb8315,fuzzy.accountants,available,122.98,145.98,high,low,5,namecheap,,,22/09/2026 23:28
587d8b2a-0abf-4b74-87d8-c746b0ada94b,abo.accountants,available,43.99,153.99,high,low,3,name.com,,,
732e9ecb-32ca-4291-a50f-d34dac4560ab,flip.accountants,available,122.98,145.98,high,medium,4,namecheap,,,24/09/2026 20:06
22ca1cf2-1c7e-4ee9-827f-2202b2b5529c,holland.accountants,available,179.99,179.99,high,low,7,godaddy,,,28/09/2026 02:07
aa89ebb9-6a0a-433d-8b56-408a9f230f0a,tubed.accountants,available,122.98,145.98,medium,low,5,namecheap,,,11/09/2026 20:56
62003bb7-4877-42fb-8684-ecd7635e06b2,shops.accountants,available,117.99,117.99,high,low,5,namesilo,,,18/09/2026 06:22
e828f31a-8fca-4b8b-b32f-31f14f980ef0,sack.accountants,available,117.99,117.99,high,low,4,namesilo,,,03/09/2026 15:56
6f57b6b5-bc2b-48c2-abc6-2a1f260527dc,acorus.accountants,available,117.99,117.99,medium,low,6,namesilo,,,17/09/2026 02:25
2ab0b0ab-7b9e-4878-b0ef-7f4d148d0064,gained.accountants,available,23.17,93.2,low,low,6,porkbun,,,28/09/2026 08:35
4007b825-746a-465e-9fe8-3f07776810b9,taal.accountants,available,43.99,153.99,medium,low,4,name.com,,,
25f27603-946d-41e6-8026-fff84deda96d,meanly.accountants,available,117.99,117.99,medium,low,6,namesilo,,,13/09/2026 23:32
ed050c49-e843-4689-8c36-c364d9dc0e1c,memorize.accountants,available,93.35,93.35,high,low,8,spaceship,,,30/09/2026 20:33
8c3682a8-74dc-4ba0-a69c-d6755d8acda1,wild.accountants,available,117.99,117.99,high,medium,4,namesilo,,,22/09/2026 17:18
f6a57d70-ab85-4a7c-9c6c-f79262ddf3d5,dripless.accountants,available,43.99,153.99,medium,low,8,name.com,,,14/08/2026 19:31
b1da8700-2e30-48df-b934-67ab8e07de83,confused.accountants,available,43.99,153.99,high,low,8,name.com,,,07/08/2026 12:02
adaa7362-f5bb-44b6-a49f-ec4b7575c3ac,homework.accountants,available,93.35,93.35,high,low,8,spaceship,,,28/09/2026 06:00
a8118d68-e6f8-4797-bc96-a0dfcd122842,executed.accountants,available,43.99,153.99,high,low,8,name.com,,,17/08/2026 16:55
702f7f43-8d49-449d-8520-e24e571c8abb,prosecutors.accountants,available,117.99,117.99,medium,low,11,namesilo,,,30/09/2026 00:33
c4e75cdf-8e91-43bc-ae37-5a74eeef148c,outside.accountants,available,117.99,117.99,high,low,7,namesilo,,,21/09/2026 23:49
8edd7804-7c7a-4efe-99c0-ec0b1d681c14,bailor.accountants,available,122.98,145.98,medium,low,6,namecheap,,,21/09/2026 19:14
ade19309-2e9c-4f67-ac0a-f58330ac96fc,adelie.accountants,available,117.99,117.99,medium,low,6,namesilo,,,17/09/2026 07:17
f945720e-8c9b-4bec-8197-1c17e7830075,archine.accountants,available,117.99,117.99,medium,low,7,namesilo,,,20/09/2026 02:10
b8f10e5b-b0fb-4460-91f1-1537df3c2e78,snore.accountants,available,117.99,117.99,high,low,5,namesilo,,,30/09/2026 11:22
e7d29c61-67d9-4b43-b23c-bc5402fcee51,overly.accountants,available,117.99,117.99,medium,low,6,namesilo,,,14/09/2026 16:48
0b0834cc-83d7-4a3f-9dd5-3ebcf3b50a64,uno.accountants,available,90.2,90.2,high,medium,3,cloudflare,,,28/09/2026 21:47
dee00f84-18b5-43ce-b573-8ab7e6f61967,ssa.accountants,available,117.99,117.99,high,low,3,namesilo,,,29/09/2026 08:03
5f8068a2-abba-4256-b402-5d93e8b76765,general.accountants,available,43.99,153.99,high,low,7,name.com,,,18/08/2026 21:23
60a78885-d98e-4cd0-a5bf-03b5d2383893,benedick.accountants,available,117.99,117.99,high,low,8,namesilo,,,23/09/2026 07:51
e6d50520-94c1-4a5a-acef-c29125d6c72e,agrypnia.accountants,available,122.98,145.98,medium,low,8,namecheap,,,17/09/2026 20:02
0c0bd146-1e81-4f10-a5dc-c3d3416c328f,zoological.accountants,available,117.99,117.99,high,low,10,namesilo,,,13/09/2026 15:33
2246b2eb-ff18-401a-8c0b-f7c0b92c259a,witting.accountants,available,43.99,153.99,medium,low,7,name.com,,,12/08/2026 22:24
27275ab7-be62-4dca-821b-8eb3c6baf642,xxxi.accountants,available,43.99,153.99,medium,low,4,name.com,,,
73accfd2-e89c-43a2-9002-d7af0693237c,galley.accountants,available,122.98,145.98,medium,low,6,namecheap,,,01/10/2026 01:14
b39f45c1-1fd9-4662-a8a2-65462e11b736,sacks.accountants,available,122.98,145.98,medium,low,5,namecheap,,,20/09/2026 18:55
bc7ba0f4-f61b-4836-87fa-a380c97e4a5a,judicious.accountants,available,43.99,153.99,high,low,9,name.com,,,21/08/2026 02:00
f5fb9784-a359-48ed-ae05-94537bcf7d6a,nicely.accountants,available,117.99,117.99,high,low,6,namesilo,,,15/09/2026 16:32
62749671-de9d-40c7-9034-82b5abb4824c,amendment.accountants,available,122.98,145.98,high,low,9,namecheap,,,18/09/2026 18:38
a6227c14-135f-4588-b889-9763a5b97a40,sabotage.accountants,available,93.35,93.35,medium,low,8,spaceship,,,28/09/2026 13:47
dc019e7f-49ef-4430-832c-b336dc06bc20,nisbet.accountants,available,93.35,93.35,medium,low,6,spaceship,,,03/10/2026 04:04
a9577140-8370-4efb-9e51-729f7a011307,delivery.accountants,available,93.35,93.35,high,low,8,spaceship,,,29/09/2026 04:21
0793b159-b5c0-4e61-a73a-56979e8c86b0,impelling.accountants,available,43.99,153.99,medium,low,9,name.com,,,21/08/2026 22:04
89741cf9-2be5-4e12-ab5b-b9348437f18e,fishing.accountants,available,117.99,117.99,high,low,7,namesilo,,,27/09/2026 03:59
d21ef75b-63b8-4caa-b25b-9b587c5c9db3,bionomic.accountants,available,43.99,153.99,medium,low,8,name.com,,,10/08/2026 03:03
90be3db5-0c8a-4f75-8cb2-68d1d6a07efb,beanie.accountants,available,122.98,145.98,high,low,6,namecheap,,,22/09/2026 20:31
9638f33b-363c-41ca-86e8-46cfcd2b4a4f,whittaker.accountants,available,117.99,117.99,medium,low,9,namesilo,,,28/09/2026 16:41
c94e3ae4-62d1-478d-9e90-9caf31f8eb4a,jenna.accountants,available,23.76,96.52,medium,low,5,dynadot,,,29/09/2026 04:01
820957b2-0327-4920-a8cd-d7c6b3e96712,nevus.accountants,available,122.98,145.98,medium,low,5,namecheap,,,23/09/2026 21:15
861dab5c-0d9d-4ff1-af3d-39af2884d9e5,nicky.accountants,available,117.99,117.99,high,low,5,namesilo,,,02/10/2026 09:58
55e903c8-05b1-4c78-b6df-b4585911d1da,annihilation.accountants,available,117.99,117.99,medium,low,12,namesilo,,,02/10/2026 21:42
daa98998-c7ac-4c5d-944e-9bde5291fb7b,tipsy.accountants,available,117.99,117.99,high,low,5,namesilo,,,11/09/2026 15:38
369c5d78-1097-44d3-aace-618c284ef489,clique.accountants,available,117.99,117.99,high,low,6,namesilo,,,24/09/2026 15:47
8a9b98e4-1e3d-4ae0-9135-fb7bbcdb51d1,pointing.accountants,available,117.99,117.99,high,low,8,namesilo,,,27/09/2026 08:31
1dd68c01-7f01-4602-8a5a-d8aa7498dec7,salad.accountants,available,23.76,96.52,high,low,5,dynadot,,,30/09/2026 10:31
54daa80f-bbd7-47ba-9da2-b1b1b868656d,psalm.accountants,available,93.35,93.35,high,low,5,spaceship,,,01/10/2026 21:24
35c97114-b4eb-4109-9ab2-3aaf471c571f,bizarre.accountants,available,122.98,145.98,high,low,7,namecheap,,,22/09/2026 21:11
e42f5021-666e-4ccd-a2e9-43078b287d3c,patched.accountants,available,117.99,117.99,medium,low,7,namesilo,,,08/09/2026 10:18
20a83623-5242-4657-9f44-ee50ffbb0667,apsis.accountants,available,122.98,145.98,medium,low,5,namecheap,,,19/09/2026 22:40
1b42bc9f-1dd7-42a6-9fce-d52d15f80c18,samba.accountants,available,43.99,153.99,high,low,5,name.com,,,20/09/2026 04:00
52ec23c5-6356-4a1a-af8e-91f0bd218cbb,airframe.accountants,available,117.99,117.99,high,low,8,namesilo,,,17/09/2026 23:10
2efb383a-f140-4293-934d-09383cb3a6af,builders.accountants,available,93.35,93.35,high,low,8,spaceship,,,01/10/2026 18:19
467520f9-590b-4a5a-89f9-81f502473a31,praise.accountants,available,93.35,93.35,high,low,6,spaceship,,,29/09/2026 10:58
a687ce00-b9c7-4746-af23-45556d2c377c,touchable.accountants,available,117.99,117.99,high,low,9,namesilo,,,11/09/2026 07:57
b4c37b15-842c-4bff-b2da-95461a91831a,nephew.accountants,available,117.99,117.99,high,low,6,namesilo,,,30/09/2026 05:35
f024bf2a-9862-4728-89fe-80ba0cdabee1,postcolonial.accountants,available,117.99,117.99,high,low,12,namesilo,,,02/10/2026 07:43
72af1fd7-d221-4e29-ae49-4db9bf96948f,barrette.accountants,available,117.99,117.99,medium,low,8,namesilo,,,22/09/2026 08:28
8aed9c34-3b69-46fe-8376-fb985ca45259,barong.accountants,available,117.99,117.99,medium,low,6,namesilo,,,22/09/2026 07:38
69774535-3c3c-47f1-a5fe-2c6036d5d520,cosmos.accountants,available,90.2,90.2,high,medium,6,cloudflare,,,28/09/2026 10:55
72acc4d4-3d6f-402b-92cd-73d13b745603,garrett.accountants,available,117.99,117.99,high,low,7,namesilo,,,25/09/2026 14:29
855f843b-2ece-4f2e-9075-69f63e491da7,haploid.accountants,available,43.99,153.99,medium,low,7,name.com,,,20/08/2026 23:55
39cc08f5-f6bb-4d1f-9f26-305847c448da,grievous.accountants,available,43.99,153.99,medium,low,8,name.com,,,07/08/2026 14:41
e2d71db1-a03e-4b26-8f9f-4e887985a347,leeds.accountants,available,93.35,93.35,high,low,5,spaceship,,,29/09/2026 13:17
8f2d53bd-9832-4999-955a-6f6021541f57,churchman.accountants,available,43.99,153.99,medium,low,9,name.com,,,14/08/2026 23:29
dbc59dce-0716-4f4c-b1ff-b1a5abaa6f44,ashir.accountants,available,117.99,117.99,medium,low,5,namesilo,,,20/09/2026 13:53
1f2258d6-9b0c-440b-8aa4-0bb2848637d3,monkfish.accountants,available,117.99,117.99,medium,low,8,namesilo,,,18/09/2026 11:42
93649dd7-fe4f-487b-b1fe-a8e0c12bf402,templates.accountants,available,122.98,145.98,medium,low,9,namecheap,,,18/09/2026 15:03
421a5abd-f068-4754-bb67-fbc3d7a6cf51,sphinx.accountants,available,93.35,93.35,high,low,6,spaceship,,,01/10/2026 03:50
aee26ec2-47b9-4ceb-8e90-e86626bbe291,linelike.accountants,available,43.99,153.99,medium,low,8,name.com,,,23/08/2026 15:03
99ce2b72-c2ba-4c46-913a-16f681cf66fe,adm.accountants,available,117.99,117.99,high,low,3,namesilo,,,03/10/2026 04:02
a3e5d912-5e95-4f25-83a1-200014108158,sporty.accountants,available,117.99,117.99,high,low,6,namesilo,,,10/09/2026 16:35
ea3689fe-ed44-48e8-a86c-301ac8413ce8,biosphere.accountants,available,43.99,153.99,high,low,9,name.com,,,23/09/2026 19:04
0d238ba2-255d-400d-99c9-eeb6a22867d1,baltimore.accountants,available,122.98,145.98,high,low,9,namecheap,,,22/09/2026 00:19
477f03bc-b4e7-429a-b48e-edb346ca8205,blunted.accountants,available,43.99,153.99,medium,low,7,name.com,,,10/08/2026 16:17
60a7df06-d0ec-498d-a304-136a7a296981,madam.accountants,available,117.99,117.99,high,low,5,namesilo,,,24/09/2026 10:51
cadc3a54-aa37-47a2-95ef-4d0da0a59f8c,investigator.accountants,available,90.2,90.2,high,low,12,cloudflare,,,28/09/2026 03:35
484f5a50-ba8a-49aa-8e04-94b1590ee78b,prickly.accountants,available,43.99,153.99,medium,low,7,name.com,,,08/08/2026 17:34
1d253ee2-3285-48b4-bce0-f4cc480b7e19,grave.accountants,available,43.99,153.99,high,low,5,name.com,,,20/08/2026 18:38
d9911291-fc22-4465-b13c-737c0ecdccfa,juana.accountants,available,90.2,90.2,medium,low,5,cloudflare,,,29/09/2026 09:44
ca7d8e5b-5046-43cc-8f9d-8710f732d5cb,washy.accountants,available,43.99,153.99,medium,low,5,name.com,,,10/08/2026 13:56
e679d666-9335-423f-aa7e-847e6447dae1,huey.accountants,available,23.17,93.2,high,low,4,porkbun,,,28/09/2026 21:17
0d7768dc-cfb7-49e6-b776-b2cf34ee36ac,broken.accountants,available,117.99,117.99,high,low,6,namesilo,,,23/09/2026 09:56
526b8beb-087c-4447-af5e-425ebd1a93c1,archbishop.accountants,available,43.99,153.99,medium,low,10,name.com,,,20/09/2026 01:46
4263084e-b579-4670-aa94-f91b3f1ceec4,shenyang.accountants,available,122.98,145.98,high,low,8,namecheap,,,02/10/2026 04:49
c6420d34-c974-4202-aad3-2468c09bef39,attachable.accountants,available,43.99,153.99,medium,low,10,name.com,,,07/08/2026 15:36
d8d9ddf7-991e-4d0b-977d-7fa30050a079,niggers.accountants,available,117.99,117.99,low,low,7,namesilo,,,16/09/2026 14:20
217aa064-4a82-4e3d-97d8-433d225863b3,ananas.accountants,available,117.99,117.99,high,low,6,namesilo,,,19/09/2026 02:03
e7713b57-2c08-4197-b641-f04296581f07,batrachian.accountants,available,43.99,153.99,medium,low,10,name.com,,,05/08/2026 20:53
639f240d-10e9-422a-a571-fac2eb3bb406,yells.accountants,available,117.99,117.99,low,low,5,namesilo,,,01/10/2026 00:47
6c9c8c90-8e62-4ac8-a29e-219943298a0d,extraneous.accountants,available,43.99,153.99,medium,low,10,name.com,,,17/08/2026 19:20
eb58f611-833d-4efe-8f98-72e8da598aae,fuentes.accountants,available,90.2,90.2,medium,low,7,cloudflare,,,29/09/2026 11:52
3e58685d-7961-4c7b-a5d7-f151becf8146,jacobs.accountants,available,93.35,93.35,high,low,6,spaceship,,,28/09/2026 20:14
3db415bb-741f-4a7e-a8d6-36543fdf663a,banishment.accountants,available,122.98,145.98,medium,low,10,namecheap,,,22/09/2026 02:06
1024ef32-79fa-4ae2-91cb-6007c839b781,redstone.accountants,available,93.35,93.35,high,low,8,spaceship,,,01/10/2026 13:54
e2be0282-855d-4dbf-af1c-def79bf0b97c,img.accountants,available,23.76,96.52,high,medium,3,dynadot,,,03/10/2026 04:19
d72e3441-27e4-4a9a-8312-e5b29e41eaf7,belgian.accountants,available,43.99,153.99,medium,low,7,name.com,,,09/08/2026 12:51
94f75175-c37e-42b3-879e-11c3f469b303,amity.accountants,available,117.99,117.99,high,low,5,namesilo,,,18/09/2026 21:57
8863bdb7-637a-4aca-8f91-4fada16b7523,thumbs.accountants,available,117.99,117.99,medium,low,6,namesilo,,,18/09/2026 14:13
02342298-0446-4c64-93ee-f860089b496c,appetency.accountants,available,117.99,117.99,medium,low,9,namesilo,,,19/09/2026 20:43
bee3fdb4-8345-4c2b-ad13-7f77d569cc64,overhanded.accountants,available,122.98,145.98,medium,low,10,namecheap,,,04/09/2026 20:12
4308221d-1941-41e5-9820-6c21077c85d7,symposium.accountants,available,117.99,117.99,high,low,9,namesilo,,,02/10/2026 16:54
ab81bf8d-b934-43bb-bd59-733a85ba0070,backbone.accountants,available,93.35,93.35,high,low,9,spaceship,,,02/10/2026 19:10
200f483f-ca0f-42b8-b825-f601ca6209ef,dalian.accountants,available,122.98,145.98,high,low,6,namecheap,,,01/10/2026 19:10
689eaf85-24fa-4fc6-9aa0-c11448b6eb9c,invisibly.accountants,available,43.99,153.99,medium,low,9,name.com,,,15/09/2026 09:10
231dbea1-74e5-40ab-9991-0e8aa9218ee4,nonsocial.accountants,available,122.98,145.98,medium,low,9,namecheap,,,03/09/2026 19:18
5d6ec05d-4072-4e6d-b6fa-c965b6a6cab7,tbilisi.accountants,available,122.98,145.98,medium,low,7,namecheap,,,28/09/2026 20:36
29912de7-5c57-418e-bdd7-5d7e69ef35dc,adr.accountants,available,23.17,93.2,high,low,3,porkbun,,,30/09/2026 03:40
edbe2fb3-a74f-4eb1-a16a-45e7e300709b,bedamn.accountants,available,43.99,153.99,medium,low,6,name.com,,,13/08/2026 16:21
1b68b267-3be9-4e2e-8866-c3dadac4fdc1,muzzle.accountants,available,23.17,93.2,high,low,6,porkbun,,,29/09/2026 07:01
8aee701c-c90e-4f1c-8e98-afc9d5604860,damnably.accountants,available,43.99,153.99,low,low,8,name.com,,,13/08/2026 16:35
9c778792-43fa-4e1a-b905-a2892f927807,pornography.accountants,available,90.2,90.2,medium,low,11,cloudflare,,,28/09/2026 12:37
e7529ce4-fb4b-4d07-a27e-ddbdd26a244b,mainly.accountants,available,93.35,93.35,medium,low,6,spaceship,,,28/09/2026 13:52
917bf169-e27b-4b45-8fc3-87d3a3e08855,loyalty.accountants,available,43.99,153.99,high,low,7,name.com,,,18/09/2026 10:32
19914937-1f9f-4922-bfba-875434c652bc,tzarist.accountants,available,43.99,153.99,medium,low,7,name.com,,,13/08/2026 14:59
ceb7daeb-cb0b-44f4-97c1-3b0bea48f724,alborg.accountants,available,122.98,145.98,medium,low,6,namecheap,,,16/09/2026 13:12
9af0b911-d270-4001-931b-6c08dda85bd4,florence.accountants,available,117.99,117.99,high,low,8,namesilo,,,28/09/2026 05:43
1d9ebff9-4b43-48cd-86d2-aecab18adff7,fries.accountants,available,117.99,117.99,high,low,5,namesilo,,,24/09/2026 14:42
c1a3aaea-0206-48b8-978b-21fd6874825c,confidence.accountants,available,122.98,145.98,high,low,10,namecheap,,,20/09/2026 16:46
dbdcfd56-0d03-4a44-b84a-2e8fafe7d380,zymoid.accountants,available,117.99,117.99,medium,low,6,namesilo,,,13/09/2026 15:55
8ad3dec9-8b05-46c7-91d2-d5f6e5afe89d,vigilance.accountants,available,117.99,117.99,high,low,9,namesilo,,,18/09/2026 05:28
d254fb93-bb68-4f37-af4d-cbaf843e7e14,bja.accountants,available,122.98,145.98,medium,low,3,namecheap,,,23/09/2026 23:24
468ac901-4a17-4ab2-bdd8-792c4980352b,overwhelming.accountants,available,122.98,145.98,high,low,12,namecheap,,,28/09/2026 07:20
8c3252e5-4ea6-4dd2-b15d-56b17cea1343,attainable.accountants,available,117.99,117.99,high,low,10,namesilo,,,19/09/2026 04:15
7a850c5f-f464-4f15-9fb2-0d84a4fa5651,cutting.accountants,available,43.99,153.99,high,low,7,name.com,,,13/08/2026 13:12
a00f30af-3a3b-47c8-bcaf-cab6dbfe8b55,greyish.accountants,available,43.99,153.99,medium,low,7,name.com,,,20/08/2026 18:54
eda0ecbc-5dae-4c74-a680-6d633ee32e96,creaky.accountants,available,43.99,153.99,medium,low,6,name.com,,,06/08/2026 22:59
7aaa3c01-009d-4e8b-a81e-cdf97799c6d1,vegetal.accountants,available,117.99,117.99,medium,low,7,namesilo,,,13/09/2026 01:42
f5284794-84e2-42f7-a21b-ea5131a2b0ed,riant.accountants,available,43.99,153.99,medium,low,5,name.com,,,22/08/2026 20:55
ebb0fa69-de6c-4344-806f-a7e57138265c,bothered.accountants,available,122.98,145.98,high,low,8,namecheap,,,23/09/2026 01:08
8f7f3ab1-866b-43fe-add4-b6a086ea4974,physicist.accountants,available,90.2,90.2,high,low,9,cloudflare,,,29/09/2026 19:58
7767c88c-a5b3-45e5-bf05-20f5b9b28981,folder.accountants,available,117.99,117.99,high,low,6,namesilo,,,29/09/2026 03:36
a01cfff6-3389-4b77-b334-d3b876a54887,rms.accountants,available,93.35,93.35,high,low,3,spaceship,,,28/09/2026 04:52
26143e97-f648-472b-bb53-eb82cb52e37d,figurative.accountants,available,43.99,153.99,medium,low,10,name.com,,,19/09/2026 14:22
a75b57b3-5a20-4de9-8b7a-ab927e9b1953,sexual.accountants,available,93.35,93.35,high,low,6,spaceship,,,27/09/2026 20:20
56a18afe-c8d6-4b39-9f98-be41a2fff941,smokes.accountants,available,90.2,90.2,low,low,6,cloudflare,,,02/10/2026 03:50
9fc6cc30-948e-441a-aa13-1f27ce082ced,playhouse.accountants,available,93.35,93.35,high,low,9,spaceship,,,29/09/2026 02:35
80eac530-737b-43b9-bfb4-49ca4bff8666,silva.accountants,available,93.35,93.35,high,low,5,spaceship,,,30/09/2026 02:53
194a1a05-9ef3-4eb7-934d-2e373318ee7a,stall.accountants,available,93.35,93.35,high,low,5,spaceship,,,27/09/2026 12:14
165df876-be09-472b-bf49-8d70437e562c,manipulation.accountants,available,117.99,117.99,high,low,12,namesilo,,,29/09/2026 10:20
6e58016a-3b9f-4daf-872c-85bb09e9e7ed,orientated.accountants,available,122.98,145.98,high,low,10,namecheap,,,04/09/2026 17:54
bcef4bde-1c99-41cb-bc6c-5bdbfd63e01c,dress.accountants,available,117.99,117.99,high,low,5,namesilo,,,24/09/2026 12:08
1fc06b39-0b13-45df-a05d-9879e29eb5a2,tanzanian.accountants,available,117.99,117.99,medium,low,9,namesilo,,,11/09/2026 08:09
940b9d8d-7207-4b9b-a9c5-84ff5e42fe1d,ode.accountants,available,117.99,117.99,high,low,3,namesilo,,,02/10/2026 05:58
3f9441a1-f363-4f1d-9806-117ce09ca906,harmonization.accountants,available,93.35,93.35,high,low,13,spaceship,,,02/10/2026 21:49
b7cbd8c8-14ab-434a-89f2-8c5621a86b15,abaya.accountants,available,117.99,117.99,medium,low,5,namesilo,,,16/09/2026 14:18
0511dd7f-7dfa-4438-91e3-381aae17c88c,tattler.accountants,available,117.99,117.99,medium,low,7,namesilo,,,11/09/2026 10:30
9a2db7f6-5f69-46d6-b00e-b830cc61c370,unger.accountants,available,117.99,117.99,medium,low,5,namesilo,,,30/09/2026 05:25
f95bf29f-0f27-48fa-bc3a-3ec23e24eba7,jonah.accountants,available,117.99,117.99,high,low,5,namesilo,,,24/09/2026 06:55
b6722f51-900e-404e-9160-5be0cdc4f857,hunk.accountants,available,90.2,90.2,high,low,4,cloudflare,,,02/10/2026 15:45
1a8ed867-3025-4b61-b118-3d6e565ce2a9,deported.accountants,available,117.99,117.99,low,low,8,namesilo,,,29/09/2026 16:30
7897f2ff-ff5a-4fd3-9c7b-299e0005dfb0,discoverer.accountants,available,117.99,117.99,high,low,10,namesilo,,,20/09/2026 11:37
f4e7258e-7f3b-4766-b1a2-c8023ce20de6,rude.accountants,available,117.99,117.99,high,low,4,namesilo,,,22/09/2026 16:12
2593e124-6a1c-4737-b42e-ad6e2ac32cf6,feeding.accountants,available,117.99,117.99,high,low,7,namesilo,,,25/09/2026 22:30
6966640d-b688-458e-acda-41fe08f4d297,approximate.accountants,available,93.35,93.35,high,low,11,spaceship,,,29/09/2026 08:31
fe5587ff-9ad2-463e-9502-b57a7e06de90,bob.accountants,available,117.99,117.99,high,medium,3,namesilo,,,22/09/2026 23:31
ac720b64-ff33-48ec-8dfe-8d2915b4160b,headteacher.accountants,available,117.99,117.99,high,low,12,namesilo,,,02/10/2026 16:28
544eff4e-006b-44e1-aea7-8a1d93a6f35a,redhead.accountants,available,117.99,117.99,high,low,7,namesilo,,,21/09/2026 10:48
aeff9fa9-eb3e-4cfa-a7d8-e937e34198da,extract.accountants,available,117.99,117.99,high,low,7,namesilo,,,28/09/2026 14:05
35cabd94-78be-499a-8c54-61bdf261fac3,madness.accountants,available,117.99,117.99,high,low,7,namesilo,,,27/09/2026 04:07
4631688b-bc03-4cba-8d59-a7584757bb5c,outflank.accountants,available,43.99,153.99,medium,low,8,name.com,,,09/08/2026 17:48
87e062e2-c02e-4299-86cc-9bc110ac2ffb,craniate.accountants,available,117.99,117.99,medium,low,8,namesilo,,,13/09/2026 04:37
bcfa878f-6081-4bb1-8417-123e9adcb14b,leveled.accountants,available,90.2,90.2,medium,low,7,cloudflare,,,02/10/2026 23:02
fa04cb3d-ae7c-4fc9-8607-5c1f3f7f3fb4,pleasure.accountants,available,93.35,93.35,high,low,8,spaceship,,,30/09/2026 07:02
a8208cc5-3486-424b-86b4-4c3212c09322,squalls.accountants,available,117.99,117.99,low,low,7,namesilo,,,20/09/2026 14:16
af343a72-f17b-4893-8e2f-f63004fda84d,tiberius.accountants,available,117.99,117.99,medium,low,8,namesilo,,,28/09/2026 20:38
560b0ef3-31ab-483a-b89f-3f1d46534bb8,requisitions.accountants,available,122.98,145.98,medium,low,12,namecheap,,,20/09/2026 14:26
c11ba401-4fb1-475a-8689-55e7bccea9f4,papal.accountants,available,43.99,153.99,medium,low,5,name.com,,,06/08/2026 04:09
136996fe-3d30-420b-b1d6-0e5ec5a02ee6,pitahaya.accountants,available,122.98,145.98,medium,low,8,namecheap,,,16/09/2026 20:46
7cc25677-0661-4b6d-a3dd-6f3db42e4734,fleischer.accountants,available,122.98,145.98,high,low,9,namecheap,,,30/09/2026 16:27
30e48131-47d4-4574-a092-690306f35b37,solubility.accountants,available,117.99,117.99,medium,low,10,namesilo,,,30/09/2026 11:04
c5f50152-3948-4927-859c-952aefb4c78f,busiest.accountants,available,117.99,117.99,medium,low,7,namesilo,,,02/10/2026 03:59
c176cdce-13db-47b8-a489-62cdba7b6369,bangles.accountants,available,122.98,145.98,medium,low,7,namecheap,,,20/09/2026 19:22
cc09cf87-41f8-4a83-91ae-4a5c4975f3ae,heartfelt.accountants,available,43.99,153.99,high,low,9,name.com,,,21/08/2026 02:11
210d869a-5631-47e0-a952-499e4a277975,cockney.accountants,available,43.99,153.99,medium,low,7,name.com,,,12/08/2026 14:58
84a60468-7bd4-4c32-905c-09b1bfae48ac,bottling.accountants,available,93.35,93.35,high,low,8,spaceship,,,03/10/2026 02:56
6c5831d1-117c-4440-8750-f59c07c1bc6b,isaacs.accountants,available,117.99,117.99,high,low,6,namesilo,,,29/09/2026 10:02
e1a87d99-72d2-46dd-9559-c8a1cfadab79,cubical.accountants,available,43.99,153.99,medium,low,7,name.com,,,13/08/2026 09:51
07d455eb-bd6f-4d85-bb9e-5c71f09556cd,distributive.accountants,available,23.17,93.2,high,low,12,porkbun,,,29/09/2026 21:23
29bfe151-c583-4ae4-8f7f-6e9f89768e21,venomous.accountants,available,117.99,117.99,medium,low,8,namesilo,,,13/09/2026 02:08
21a09c86-0b24-49d6-9d66-db60e118d44f,raiders.accountants,available,93.35,93.35,medium,low,7,spaceship,,,30/09/2026 16:18
600c855c-1acf-45ed-8f4d-501c14dd6bf5,vor.accountants,available,117.99,117.99,medium,low,3,namesilo,,,30/09/2026 03:38
93690ab4-120a-42ba-9fa8-1ecabff9de6d,lilting.accountants,available,43.99,153.99,high,low,7,name.com,,,23/08/2026 08:41
c185c87f-3903-4caf-a6da-bd7ccefeb461,rfc.accountants,available,117.99,117.99,high,low,3,namesilo,,,27/09/2026 06:31
b829242d-badc-4bf0-a7cd-d00ddecadb16,cheering.accountants,available,43.99,153.99,high,low,8,name.com,,,12/08/2026 03:45
3592dd57-5400-4b08-bdec-96d9bfcaa001,motherfukker.accountants,available,117.99,117.99,medium,low,12,namesilo,,,02/10/2026 05:05
094339f7-9d95-4fab-b7f8-06abb322512a,accuser.accountants,available,117.99,117.99,medium,low,7,namesilo,,,28/09/2026 17:32
0e1c02dc-14b8-4c67-9656-0db1a90c8d3b,otero.accountants,available,93.35,93.35,high,low,5,spaceship,,,02/10/2026 00:57
fee8238f-35ec-4a59-9665-97626a2a11d2,green.accountants,premium,118.8,118.8,high,medium,5,namesilo,,,30/09/2026 17:32
0ac1f38d-e614-49c1-8d78-8863fd93e988,believers.accountants,available,117.99,117.99,high,low,9,namesilo,,,30/09/2026 13:58
f1763bc0-1805-4569-86c5-919bb1467df3,replied.accountants,available,117.99,117.99,medium,low,7,namesilo,,,18/09/2026 01:09
d844a62b-734b-4232-9844-a11bd02c9e4a,gimmick.accountants,available,117.99,117.99,high,low,7,namesilo,,,02/10/2026 23:53
d8188546-b7a9-495e-a0ef-c23fdc4d7fca,lewdly.accountants,available,117.99,117.99,low,low,6,namesilo,,,15/09/2026 11:12
c764e6d1-e559-41e7-808d-7df4d71ef791,champagne.accountants,available,117.99,117.99,high,low,9,namesilo,,,23/09/2026 10:06
cea1f8b4-114f-4c93-80a2-0b85103a4fa9,fumed.accountants,available,43.99,153.99,medium,low,5,name.com,,,18/08/2026 18:20
147248c1-0aae-4d93-9ad4-a71f43bc021f,esthesis.accountants,available,117.99,117.99,medium,low,8,namesilo,,,17/09/2026 13:28
098c1224-a033-4e23-baa0-1567bb69b192,bagatelle.accountants,available,122.98,145.98,medium,low,9,namecheap,,,21/09/2026 17:53
41d98e32-0a8b-4a5a-8c71-d90fb3577998,vincenzo.accountants,available,93.35,93.35,medium,low,8,spaceship,,,29/09/2026 04:08
a7023a77-e0a6-4940-b99e-8cbec13ef57f,business.accountants,premium,414.2,414.2,high,medium,8,spaceship,,,02/10/2026 18:47
c8e8b8ad-76a2-46eb-9594-42843b6e472a,stearns.accountants,available,93.35,93.35,medium,low,7,spaceship,,,28/09/2026 12:25
a4880e0f-f380-4083-84ff-a40d55c2eb74,aviator.accountants,available,117.99,117.99,high,low,7,namesilo,,,17/09/2026 13:09
ea54a5b6-ff5e-42d2-99a6-02a67a326b7f,bromley.accountants,available,117.99,117.99,medium,low,7,namesilo,,,28/09/2026 17:16
95ad40a5-1eb0-4684-9c67-fd0d44a0ab56,adobo.accountants,available,117.99,117.99,medium,low,5,namesilo,,,17/09/2026 09:29
ffb567bf-3d74-47dd-a7a5-bb9bcd44296f,britten.accountants,available,117.99,117.99,medium,low,7,namesilo,,,23/09/2026 08:15
98dccc01-efa3-487c-a791-42e6580581ee,pork.accountants,available,117.99,117.99,high,low,4,namesilo,,,26/09/2026 00:07
3e1be8b5-91f6-4f4e-978f-874b065f7f80,chemist.accountants,available,117.99,117.99,high,low,7,namesilo,,,19/09/2026 19:39
c3b7b61c-eefa-4404-a747-6ca8cfc23f08,isp.accountants,available,93.35,93.35,high,low,3,spaceship,,,29/09/2026 20:49
ac27f916-3d98-40f8-ac62-d039dce3d49e,bauer.accountants,available,117.99,117.99,high,low,5,namesilo,,,25/09/2026 13:07
ceaa1226-f888-4e0b-baf6-3e7d448e5814,program.accountants,available,117.99,117.99,high,low,7,namesilo,,,24/09/2026 17:00
2edc012c-619c-4c8c-b0f0-40923f7dbda5,nonsteroid.accountants,available,117.99,117.99,medium,low,10,namesilo,,,03/09/2026 20:43
d52de34d-8d71-47d8-9d90-a257e71d8a62,clothing.accountants,available,23.76,96.52,high,low,8,dynadot,,,30/09/2026 20:57
b9d4fc73-c070-457d-b3b5-488af4cf6d82,hofmann.accountants,available,93.35,93.35,high,low,7,spaceship,,,29/09/2026 09:12
c48d9786-c873-4248-b126-c617d8aebb51,adenauer.accountants,available,117.99,117.99,medium,low,8,namesilo,,,17/09/2026 07:24
4ce90817-3399-4b67-9d4b-0522569a6e86,vologda.accountants,available,93.35,93.35,medium,low,7,spaceship,,,30/09/2026 21:26
8be8157e-3f8d-486f-a378-0cffc4a4e5e2,distributed.accountants,available,43.99,153.99,high,low,11,name.com,,,
33b140ec-d637-422d-8cad-d8afca696f75,ontario.accountants,available,90.2,90.2,high,low,7,cloudflare,,,30/09/2026 17:50
202457a8-8038-4a64-818b-55010e44306e,biases.accountants,available,117.99,117.99,low,low,6,namesilo,,,18/09/2026 23:44
b6c7ef0a-195b-46b5-9918-c8f39bd2a663,crossways.accountants,available,117.99,117.99,medium,low,9,namesilo,,,14/09/2026 09:48
94c653fb-7a34-4e33-a718-d1f9d9a0badd,rivalry.accountants,available,93.35,93.35,high,low,7,spaceship,,,29/09/2026 20:12
da915c81-f286-40e3-8c63-fd45dd6d39ca,anaphase.accountants,available,122.98,145.98,medium,low,8,namecheap,,,19/09/2026 02:09
beebb97f-cb8e-48cd-a2bd-df5c609a7f18,killed.accountants,available,117.99,117.99,medium,low,6,namesilo,,,17/09/2026 12:17
5d677b6c-9b97-4d73-80c9-c5ea24563233,brisken.accountants,available,43.99,153.99,medium,low,7,name.com,,,11/08/2026 04:39
ed4fa7fc-2f22-4a17-a7fd-10589086645f,bibles.accountants,available,93.35,93.35,medium,low,6,spaceship,,,02/10/2026 23:08
8d015447-37c8-422c-9848-1626c3b7e870,slender.accountants,available,43.99,153.99,high,low,7,name.com,,,24/08/2026 01:14
a81901a7-9871-4107-ab04-ea2ab9abfc7d,vespucci.accountants,available,43.99,153.99,high,low,8,name.com,,,18/09/2026 21:04
1431c6f7-0f90-4168-aeb8-8d0c86ca3321,demoted.accountants,available,117.99,117.99,low,low,7,namesilo,,,21/09/2026 05:02
17334f7d-bf72-47db-aabd-6336fd4a0829,awards.accountants,available,93.35,93.35,medium,low,6,spaceship,,,28/09/2026 08:41
9d0f4583-6838-45cd-90fb-c733724512e1,items.accountants,available,93.35,93.35,medium,low,5,spaceship,,,30/09/2026 21:02
f404a91b-ed4e-4b45-8932-5f8bdf09d6b8,michael.accountants,available,122.98,145.98,high,medium,7,namecheap,,,25/09/2026 09:21
ce0cc7b6-11b4-4f5f-9be1-62819b26e108,antivenin.accountants,available,122.98,145.98,medium,low,9,namecheap,,,19/09/2026 15:16
756c2528-34bf-4309-8ec0-bfb41f3bcf02,bored.accountants,available,117.99,117.99,high,low,5,namesilo,,,23/09/2026 00:16
4259bbf6-4c03-4db4-8f7b-8fc7facbb4d3,ample.accountants,available,43.99,153.99,high,low,5,name.com,,,
0b16f092-ac59-40d9-93fd-5aa7a7086a1d,pressures.accountants,available,117.99,117.99,medium,low,9,namesilo,,,30/09/2026 00:28
fbb37a9e-386b-4178-9f0d-5c96e461d5c7,superbly.accountants,available,93.35,93.35,medium,low,8,spaceship,,,28/09/2026 10:44
817ec3e1-3463-4689-b6f4-cb847f27f2b8,girdle.accountants,available,117.99,117.99,high,low,6,namesilo,,,24/09/2026 15:02
bc91d043-d6e6-43a2-a7f8-785670fe2451,youthfully.accountants,available,117.99,117.99,medium,low,10,namesilo,,,16/09/2026 11:49
89c3a11d-472e-4a1e-be79-f0d5ad28756f,brunette.accountants,available,43.99,153.99,medium,low,8,name.com,,,11/08/2026 06:56
c746f254-b2da-4755-87bf-a5aae7143f26,acarine.accountants,available,122.98,145.98,medium,low,7,namecheap,,,16/09/2026 21:33
4ca8812b-8bae-4469-a870-edb36c7d402b,feasibly.accountants,available,43.99,153.99,medium,low,8,name.com,,,14/09/2026 18:08
9c548d37-75b5-4740-baf3-296de4bca27c,lear.accountants,available,122.98,145.98,high,low,4,namecheap,,,30/09/2026 17:07
20982f18-53e6-4a69-9457-1f44bb348d6a,concisely.accountants,available,117.99,117.99,medium,low,9,namesilo,,,14/09/2026 08:10
54f880df-953b-4623-b0db-2eba0f7ab9b9,robot.accountants,available,117.99,117.99,high,medium,5,namesilo,,,03/10/2026 00:12
51a4a821-b7c7-4df8-8f91-4cce5d82b244,cel.accountants,available,117.99,117.99,high,low,3,namesilo,,,02/10/2026 07:18
abeda32c-ca7f-4a65-9a0c-9a0814e6ebd6,djs.accountants,available,90.2,90.2,medium,low,3,cloudflare,,,30/09/2026 07:31
9fb16c0d-b5ea-4d0d-a0af-19240ae29970,absalom.accountants,available,23.17,93.2,medium,low,7,porkbun,,,01/10/2026 23:58
9091db8d-5ce0-420a-b222-d7c021afc737,albanian.accountants,available,43.99,153.99,high,low,8,name.com,,,
f051136a-a64b-4eb4-983c-3f70caf0aaf0,anarchist.accountants,available,117.99,117.99,high,low,9,namesilo,,,19/09/2026 02:24
065c4c6b-c89a-4d68-a835-33d5e3cc7636,dew.accountants,available,90.2,90.2,high,low,3,cloudflare,,,29/09/2026 14:47
ad039aca-ec87-4cbd-a428-1907654a3d64,slump.accountants,available,93.35,93.35,medium,low,5,spaceship,,,30/09/2026 09:25
52991dbe-7561-4947-87de-0c6544121d90,ventures.accountants,available,93.35,93.35,high,low,8,spaceship,,,01/10/2026 17:59
39110d8e-d796-4b74-bad7-04a14b345035,deft.accountants,available,43.99,153.99,high,low,4,name.com,,,13/08/2026 23:50
2d0347b2-ebd0-4113-b639-9c50f9bb2cbb,unlit.accountants,available,117.99,117.99,medium,low,5,namesilo,,,12/09/2026 13:03
bc703197-0e68-4487-87db-a497c3428258,palladium.accountants,available,117.99,117.99,high,low,9,namesilo,,,20/09/2026 23:10
4f3255b4-c031-4631-8319-8b13d1ddcc59,yorke.accountants,available,117.99,117.99,medium,low,5,namesilo,,,29/09/2026 16:43
cce280ba-53fe-4bd9-831f-11b64f3f30fa,brood.accountants,available,117.99,117.99,high,low,5,namesilo,,,30/09/2026 16:30
b669d628-7113-438f-aed0-b91e2b5f71fb,accidents.accountants,available,93.35,93.35,medium,low,9,spaceship,,,28/09/2026 05:03
5d30cb7a-83d5-433a-8608-c33b824090dc,alpinia.accountants,available,43.99,153.99,medium,low,7,name.com,,,18/09/2026 14:02
adfbced0-6b09-495c-8dcd-3779323b6e4f,culture.accountants,available,117.99,117.99,high,medium,7,namesilo,,,01/10/2026 22:01
f0767c02-5f58-4b89-8145-15f92eaf9140,empire.accountants,available,117.99,117.99,high,medium,6,namesilo,,,25/09/2026 05:34
28a4df39-514f-4bf9-92e2-aefbe7e254f1,shortfall.accountants,available,93.35,93.35,high,low,9,spaceship,,,29/09/2026 13:34
56cd8406-381c-47d4-ab5d-68be7c4365b4,improve.accountants,available,122.98,145.98,high,low,7,namecheap,,,30/09/2026 15:00
b439409d-ffc4-436f-9b50-c4218ab55771,dampen.accountants,available,43.99,153.99,medium,low,6,name.com,,,13/08/2026 16:53
d773a4b2-ca18-41a3-be34-1be3d18b8f69,spoof.accountants,available,117.99,117.99,high,low,5,namesilo,,,23/09/2026 11:26
e1603c3e-3bb0-45c9-8de1-04038d096af9,learnedly.accountants,available,117.99,117.99,medium,low,9,namesilo,,,14/09/2026 16:04
081a0a42-cc09-46a9-845d-20fe545863ff,intercede.accountants,available,43.99,153.99,high,low,9,name.com,,,22/08/2026 08:12
153ba984-fcb9-4402-bd44-f13fb9e90b78,gold.accountants,premium,512,512,high,medium,4,namesilo,,,22/09/2026 03:56
5d58f740-17fc-4c4c-879b-fea1eaada2ff,founder.accountants,available,23.76,96.52,high,medium,7,dynadot,,,28/09/2026 13:40
dce00a91-2a51-4d81-ba29-343621937e76,woolly.accountants,available,43.99,153.99,high,low,6,name.com,,,18/08/2026 08:40
c14ecb8b-34a3-4a67-a718-72ca9a751afc,robb.accountants,available,117.99,117.99,medium,low,4,namesilo,,,28/09/2026 12:14
8412ed21-610a-48ad-99ad-a32ad34a89cd,horace.accountants,available,179.99,179.99,high,low,6,godaddy,,,28/09/2026 02:07
b0cbee81-7ff8-4bdf-95c4-9142fb05fd92,syndicate.accountants,available,43.99,153.99,high,low,9,name.com,,,24/09/2026 17:30
e85c1825-b59c-4e0f-8cbb-b89a8901576c,poison.accountants,available,122.98,145.98,high,low,6,namecheap,,,11/09/2026 18:25
9ed483bc-a32f-48c5-af1a-792f0c3f1862,tully.accountants,available,93.35,93.35,medium,low,5,spaceship,,,28/09/2026 19:49
104fedf0-1c0b-4877-a9c7-c480cd13fd5b,agleam.accountants,available,43.99,153.99,medium,low,6,name.com,,,
3464858c-c83a-49ef-b430-fefa27c23965,jerry.accountants,available,90.2,90.2,high,low,5,cloudflare,,,29/09/2026 00:12
c351ffa4-df5b-4de8-ae31-775326afcdca,carving.accountants,available,23.76,96.52,high,low,7,dynadot,,,29/09/2026 00:21
1508902e-fa37-425a-9ee8-3c197691a6a2,ashlar.accountants,available,117.99,117.99,high,low,6,namesilo,,,20/09/2026 13:55
666caabb-ac21-485e-bb24-3e28b4688889,threefold.accountants,available,43.99,153.99,high,low,9,name.com,,,14/08/2026 16:42
e60ea42d-a12c-4141-a274-782cc12f7ea3,dominican.accountants,available,43.99,153.99,high,low,9,name.com,,,14/08/2026 15:44
74613170-4a99-4cf5-859f-5c95ddad7269,outdo.accountants,available,43.99,153.99,medium,low,5,name.com,,,09/08/2026 17:43
59c229ab-e9cd-4b22-a459-fee86eac1f68,shape.accountants,available,23.76,96.52,high,low,5,dynadot,,,29/09/2026 03:13
a05e8b9e-4739-4cdc-9fe1-1264ed8ca908,adjustment.accountants,available,43.99,153.99,high,low,10,name.com,,,18/08/2026 05:52
99c6d173-c5a7-41e6-b90f-0aec39f89443,bellini.accountants,available,117.99,117.99,high,low,7,namesilo,,,23/09/2026 06:15
ea03a81c-6be2-41b6-a136-2222fbd56130,salon.accountants,available,117.99,117.99,high,low,5,namesilo,,,22/09/2026 22:23
241635a2-7931-44eb-9398-5f8ea9577479,dakar.accountants,available,117.99,117.99,high,low,5,namesilo,,,29/09/2026 06:52
be18953e-7238-471f-9d42-1a885ed4efde,showdown.accountants,available,117.99,117.99,high,low,8,namesilo,,,30/09/2026 09:36
e07672a7-3758-49ee-aca2-1e5024c7ac03,ching.accountants,available,93.35,93.35,medium,low,5,spaceship,,,29/09/2026 08:53
8715cc51-36b6-42af-a553-a805c51fa15a,punt.accountants,available,43.99,153.99,high,low,4,name.com,,,18/08/2026 19:54
a2c976d4-68e1-4ae9-9a73-80ee7466bec8,toklas.accountants,available,122.98,145.98,medium,low,6,namecheap,,,18/09/2026 07:28
51453f1e-2fab-45df-b6db-a181a4d70daa,lightness.accountants,available,122.98,145.98,high,low,9,namecheap,,,17/09/2026 17:53
93348610-c9c7-468b-8640-c33eb97df484,hays.accountants,available,117.99,117.99,medium,low,4,namesilo,,,20/09/2026 10:51
e4ef5ce6-558f-4789-a3c3-5f30c1f3978c,ceylonese.accountants,available,43.99,153.99,high,low,9,name.com,,,12/08/2026 01:10
5e2ca794-5a24-46fe-b106-77640e23589d,ingress.accountants,available,43.99,153.99,medium,low,7,name.com,,,22/08/2026 01:52
559adeff-0579-4704-80fc-71fff4b9a0f4,biosafety.accountants,available,122.98,145.98,high,low,9,namecheap,,,23/09/2026 18:56
4e73203b-7770-4e60-9efb-7fa51fcb0ee7,astrologer.accountants,available,122.98,145.98,high,low,10,namecheap,,,20/09/2026 17:47
876d188f-a802-47b9-9f33-e45555f9a7cd,someway.accountants,available,117.99,117.99,medium,low,7,namesilo,,,15/09/2026 06:46
ee488cb6-0a59-422d-871f-05eb2e37b6e5,clarissa.accountants,available,93.35,93.35,medium,low,8,spaceship,,,29/09/2026 21:24
94696d12-b642-4f1e-99e3-f3a509817f59,mistaken.accountants,available,43.99,153.99,medium,low,8,name.com,,,25/08/2026 01:52
ea9b3109-509d-4de6-9a76-611829c56cbf,camels.accountants,available,93.35,93.35,medium,low,6,spaceship,,,30/09/2026 15:26
5d911960-5243-4995-9675-f26e6351c539,appellate.accountants,available,43.99,153.99,medium,low,9,name.com,,,06/08/2026 06:18
f3b7fbe2-1593-47e6-a2d2-30b125e0afe0,overthrow.accountants,available,93.35,93.35,medium,low,9,spaceship,,,29/09/2026 07:47
c6525c66-0bbd-43b9-b418-edb4f1020bf9,pew.accountants,available,117.99,117.99,high,low,3,namesilo,,,02/10/2026 04:22
5e20bfe6-903c-42b7-84ba-d795bfe3fc12,americas.accountants,available,93.35,93.35,high,low,8,spaceship,,,02/10/2026 20:01
087276ed-4d98-4da0-a1a9-8dcd9a28e6e8,possum.accountants,available,122.98,145.98,high,low,6,namecheap,,,03/10/2026 01:43
60a96d57-5cbb-43dc-b69d-5bcd6b769f1a,decision.accountants,available,117.99,117.99,high,low,8,namesilo,,,24/09/2026 17:06
af46d331-8af4-45da-8a05-a62101f53985,dialectic.accountants,available,43.99,153.99,high,low,9,name.com,,,14/08/2026 05:50
3943a44d-3d68-4782-abfe-02876e5d69a8,hercules.accountants,available,90.2,90.2,high,low,8,cloudflare,,,28/09/2026 20:10
998bb56d-9667-4ece-bd00-40f05c91882f,remark.accountants,available,117.99,117.99,high,low,6,namesilo,,,28/09/2026 09:26
4ad9aa59-fb3e-4121-aded-7f4d5a0458a5,speckless.accountants,available,43.99,153.99,medium,low,9,name.com,,,21/08/2026 20:42
72e20c2e-7368-4ef0-ab89-2b5fb6602ac3,vendue.accountants,available,117.99,117.99,medium,low,6,namesilo,,,21/09/2026 02:46
446ccbb3-ca28-4030-9e25-411a2f4a3b9c,detailed.accountants,available,122.98,145.98,high,low,8,namecheap,,,24/09/2026 07:09
5581bce0-00d2-455b-a7f1-249e7755412a,booths.accountants,available,93.35,93.35,medium,low,6,spaceship,,,01/10/2026 18:37
3575fd08-27a1-4b43-945f-eefe29acde38,pasta.accountants,available,122.98,145.98,high,low,5,namecheap,,,28/09/2026 20:26
50ec223c-2b5c-4d90-8809-32071f143963,capable.accountants,available,122.98,145.98,high,low,7,namecheap,,,21/09/2026 18:33
91b3f58c-4cc3-40d4-9e44-ab8dc102c1fa,wheat.accountants,available,93.35,93.35,high,low,5,spaceship,,,28/09/2026 06:34
d51b55dd-9252-4fae-9ed7-4ed2fa939333,filaria.accountants,available,117.99,117.99,medium,low,7,namesilo,,,18/09/2026 06:14
67b4c2a2-f42f-4930-9f02-7bd3ba14a806,fighting.accountants,available,122.98,145.98,high,low,8,namecheap,,,24/09/2026 18:04
d10c0c7f-19af-4265-a4f7-2ae405abc0d0,blackfly.accountants,available,117.99,117.99,medium,low,8,namesilo,,,19/09/2026 17:06
2e25d8f5-f278-420d-8776-46693302fa2d,producers.accountants,available,23.76,96.52,medium,low,9,dynadot,,,28/09/2026 23:09
c5d43e98-fecc-4b5e-ad7d-4e6ca7c99a88,winy.accountants,available,117.99,117.99,medium,low,4,namesilo,,,13/09/2026 12:25
35be9bee-22a5-4d9e-914d-a9d8c6241130,marlowe.accountants,available,117.99,117.99,medium,low,7,namesilo,,,28/09/2026 18:43
aced79cf-6a81-4065-8c61-561798c64bcb,advance.accountants,available,122.98,145.98,high,low,7,namecheap,,,21/09/2026 20:22
96ddc553-6cc6-408a-b55f-cf38b4823934,fourfold.accountants,available,43.99,153.99,high,low,8,name.com,,,18/08/2026 13:28
6b831203-f926-4aea-b30f-2ad7312cf45e,assembling.accountants,available,117.99,117.99,high,low,10,namesilo,,,20/09/2026 16:08
c04260a2-a4ba-4f5c-a6c2-a3683bcda312,six.accountants,available,117.99,117.99,high,low,3,namesilo,,,21/09/2026 13:17
00054550-a4dc-4ed8-9e47-f0fcf8bf9929,allen.accountants,available,117.99,117.99,high,low,5,namesilo,,,18/09/2026 10:46
dde5069d-d5bc-4bca-ae62-44ec4d5e4d34,nauseous.accountants,available,43.99,153.99,medium,low,8,name.com,,,24/08/2026 08:24
3d85fab7-10b8-466e-b306-4a3a4805ae76,physic.accountants,available,93.35,93.35,high,low,6,spaceship,,,02/10/2026 10:47
db0fb14a-bc05-4373-b71e-47ba58ccedb1,awaits.accountants,available,93.35,93.35,medium,low,6,spaceship,,,30/09/2026 07:34
b6a3ff9d-988d-4344-bd8e-e135826dd688,spotty.accountants,available,117.99,117.99,medium,low,6,namesilo,,,10/09/2026 16:37
c2502e1d-182b-4b90-8c9b-d62785f1748c,acuate.accountants,available,43.99,153.99,medium,low,6,name.com,,,
d03b4cde-8a1f-4e6d-a195-5f1fe892b25c,rentable.accountants,available,117.99,117.99,high,low,8,namesilo,,,09/09/2026 14:16
493cd229-87d5-4740-9d12-0b6874862144,concordia.accountants,available,93.35,93.35,high,low,9,spaceship,,,27/09/2026 20:47
63ee5518-85e8-4868-a9cc-cc2e9dba07d4,pariah.accountants,available,122.98,145.98,medium,low,6,namecheap,,,04/09/2026 19:07
6b7b7e39-688c-43a2-b678-34583b281500,criticize.accountants,available,122.98,145.98,high,low,9,namecheap,,,30/09/2026 18:07
2566fb4b-4bea-4929-9677-9289d866d165,where.accountants,available,117.99,117.99,high,low,5,namesilo,,,30/09/2026 22:56
f7341d5a-629b-4eb7-a6ac-1c22384d7175,bon.accountants,available,122.98,145.98,high,low,3,namecheap,,,03/10/2026 04:28
6b08dad5-51bb-4fab-8c8e-30e7f31599d7,zaftig.accountants,available,117.99,117.99,medium,low,6,namesilo,,,13/09/2026 14:56
f468dcf3-ce17-4e9f-989b-067c47044a6b,maxwell.accountants,available,93.35,93.35,high,low,7,spaceship,,,28/09/2026 06:04
4573cbf5-6097-4b3a-9ca5-89ab5130e941,shoulder.accountants,available,117.99,117.99,high,low,8,namesilo,,,20/09/2026 11:31
743581e0-b37c-4ab5-9160-731eb365b6d9,district.accountants,available,117.99,117.99,high,low,8,namesilo,,,29/09/2026 16:18
df39d9a0-9f72-426a-9d02-285ed1a00a68,affirmations.accountants,available,122.98,145.98,high,low,12,namecheap,,,21/09/2026 01:56
22de4381-b429-4104-8f56-4bbaed09c255,apotheosis.accountants,available,122.98,145.98,high,low,10,namecheap,,,03/09/2026 20:11
bf566282-0c98-49bd-bbaa-65b4214bc695,webs.accountants,available,117.99,117.99,medium,low,4,namesilo,,,20/09/2026 10:33
88e54e74-5963-4d83-aa59-91e8454a01ff,caretaker.accountants,available,90.2,90.2,high,low,9,cloudflare,,,28/09/2026 13:39
e80f73ed-a9b7-4f58-a79d-ab5fcf94f0b3,berkelium.accountants,available,117.99,117.99,medium,low,9,namesilo,,,21/09/2026 00:14
2c1727c2-3af1-4df0-b809-d79c154a416f,presage.accountants,available,117.99,117.99,medium,low,7,namesilo,,,09/09/2026 02:57
4bb7d30e-0388-403c-b4ff-54a8fa942a44,texarkana.accountants,available,93.35,93.35,medium,low,9,spaceship,,,30/09/2026 18:56
c7083a3c-d1ff-4971-8cf5-74ad57ae97d7,thackeray.accountants,available,122.98,145.98,medium,low,9,namecheap,,,29/09/2026 14:03
29e1212d-f7b9-4398-a54c-ad76bdbd4d24,monterey.accountants,available,179.99,179.99,high,low,8,godaddy,,,30/09/2026 02:19
178a60e0-833a-421a-8a41-81c7c9e31ef3,pony.accountants,available,90.2,90.2,high,low,4,cloudflare,,,30/09/2026 00:53
6a1d0bc2-9bdb-4690-92a1-3eb23e1a38e9,advisory.accountants,available,43.99,153.99,high,low,8,name.com,,,
94275434-8054-471a-b81c-ab94f2a08362,neal.accountants,available,93.35,93.35,medium,low,4,spaceship,,,28/09/2026 16:08
ffac8108-cd46-45b4-a834-1d880ea8c8a8,acclaimed.accountants,available,117.99,117.99,high,low,9,namesilo,,,02/10/2026 17:25
cbd8f9cf-ff62-40f9-958b-d031fd1c9129,imperious.accountants,available,43.99,153.99,medium,low,9,name.com,,,21/08/2026 01:26
2d17350d-9920-4432-9bc9-ddc8bba710d8,unfree.accountants,available,117.99,117.99,medium,low,6,namesilo,,,12/09/2026 10:43
b642217a-6360-4573-ac0d-bf2cfba5800e,healthily.accountants,available,117.99,117.99,medium,low,9,namesilo,,,14/09/2026 23:15
8ba2bdc6-4a72-4563-a0f1-54269e7327dc,cacophonic.accountants,available,43.99,153.99,low,low,10,name.com,,,11/08/2026 12:33
85068042-7a88-4627-b565-441e392d0717,adds.accountants,available,117.99,117.99,medium,low,4,namesilo,,,18/09/2026 14:32
c568301e-2a27-4e60-b253-99b79ff6d421,stabilization.accountants,available,117.99,117.99,medium,low,13,namesilo,,,17/09/2026 17:23
980cf5e7-bb08-4f3e-8e70-16d0eb2247c8,weighing.accountants,available,117.99,117.99,high,low,8,namesilo,,,17/09/2026 11:27
255396cc-9931-40d4-9b0c-700bed5b4a1e,starter.accountants,available,122.98,145.98,high,low,7,namecheap,,,24/09/2026 19:47
b539c356-30c0-481d-9360-b3a18993d6b3,superficial.accountants,available,122.98,145.98,medium,low,11,namecheap,,,28/09/2026 20:58
69235887-d5b4-4809-87b2-80536be1fec7,avid.accountants,available,43.99,153.99,high,low,4,name.com,,,07/08/2026 23:21
cdb89889-2b36-46c4-b426-b7e5288f5d2b,hornsby.accountants,available,122.98,145.98,medium,low,7,namecheap,,,01/10/2026 09:27
eb1141b7-0ed1-4c8e-bb4a-816aea8d8abf,transitional.accountants,available,122.98,145.98,high,low,12,namecheap,,,30/09/2026 23:21
93bf3657-97ef-427d-b382-ca277a8192a3,cartesian.accountants,available,43.99,153.99,high,low,9,name.com,,,11/08/2026 19:49
400ee62c-418d-41c2-9e64-891369283f4e,elko.accountants,available,93.35,93.35,medium,low,4,spaceship,,,02/10/2026 20:23
e76114d8-0120-47a2-920a-036efb104e08,couples.accountants,available,43.99,153.99,medium,low,7,name.com,,,
c6919d15-f49c-4a25-a77e-6ae67cadc95d,sterilised.accountants,available,122.98,145.98,medium,low,10,namecheap,,,10/09/2026 20:13
e448eecf-ef93-4971-b7f2-817452daefa0,grantham.accountants,available,23.76,96.52,medium,low,8,dynadot,,,30/09/2026 00:07
2ade866c-0daa-4621-85b6-dce731461e8f,concession.accountants,available,117.99,117.99,high,low,10,namesilo,,,24/09/2026 17:04
00225a29-8d54-4cd6-a019-8feab84ae8ca,subclavian.accountants,available,117.99,117.99,medium,low,10,namesilo,,,10/09/2026 23:40
179592cf-a369-4592-8f79-e7442fcd4fa6,swansea.accountants,available,117.99,117.99,medium,low,7,namesilo,,,28/09/2026 10:58
fc2fecd8-ff74-4b75-a607-9d1ce805298d,festivals.accountants,available,179.99,179.99,high,low,9,godaddy,,,01/10/2026 00:27
0bb3f569-4794-4e3f-a89f-f98e34a73621,factually.accountants,available,117.99,117.99,medium,low,9,namesilo,,,14/09/2026 17:27
6cccdcbc-7af3-406d-84f6-3fd7dcb08cd8,menominee.accountants,available,117.99,117.99,high,low,9,namesilo,,,30/09/2026 10:33
908b3b4b-f83a-409c-b83e-f2cbfb50d428,fearfully.accountants,available,122.98,145.98,medium,low,9,namecheap,,,14/09/2026 18:04
676dc3e2-922b-4560-b694-a95e40a5eb71,issn.accountants,available,117.99,117.99,high,low,4,namesilo,,,01/10/2026 07:15
05910e05-7c00-4b48-a46b-5d19e501ffe8,consolidation.accountants,available,117.99,117.99,medium,low,13,namesilo,,,02/10/2026 08:12
23ed27b0-a937-440d-bd46-1d99e4b27e61,ncs.accountants,available,93.35,93.35,high,low,3,spaceship,,,02/10/2026 20:53
ed6319e0-ea96-46f6-8f1b-4bac7a329361,clearfield.accountants,available,93.35,93.35,high,low,10,spaceship,,,02/10/2026 10:42
a7abd781-8f26-406f-b9f5-e6e32bef930d,fibers.accountants,available,90.2,90.2,medium,low,6,cloudflare,,,29/09/2026 10:34
2a9d7fc5-b56b-485b-a27f-c1de4b3e734d,stumbled.accountants,available,23.76,96.52,low,low,8,dynadot,,,29/09/2026 16:59
077d0378-3468-4dd5-94f5-44a625430c6b,vedder.accountants,available,117.99,117.99,medium,low,6,namesilo,,,03/10/2026 04:01
25ed7e77-24b7-446a-92ad-57f2a7cbe268,ordinary.accountants,available,117.99,117.99,high,low,8,namesilo,,,26/09/2026 00:20
2a677509-7093-4b6d-a765-72608f9227e3,practiced.accountants,available,90.2,90.2,high,low,9,cloudflare,,,29/09/2026 02:32
de21872e-8c51-48b6-8bb1-4844188a651a,lactose.accountants,available,93.35,93.35,high,low,7,spaceship,,,03/10/2026 01:26
40793954-d0a6-4fd2-876c-6333761a11cd,caudal.accountants,available,43.99,153.99,high,low,6,name.com,,,11/08/2026 22:22
5b800c33-9f8e-4c67-b796-ee9abeba1e40,galway.accountants,available,93.35,93.35,high,low,6,spaceship,,,28/09/2026 09:51
957fe4a5-786e-4072-bd6a-9b437108997c,ajaia.accountants,available,117.99,117.99,medium,low,5,namesilo,,,17/09/2026 23:39
d01c9440-1e0f-4cb3-b90d-6364c1965973,fowl.accountants,available,117.99,117.99,high,low,4,namesilo,,,30/09/2026 17:01
9d7facd2-8e3a-4051-bb71-a0f8897b4e98,ebro.accountants,available,90.2,90.2,medium,low,4,cloudflare,,,03/10/2026 00:33
88d76d80-9293-40ff-8eee-fba2473b4ee3,copley.accountants,available,122.98,145.98,medium,low,6,namecheap,,,29/09/2026 11:58
d074bcf2-d8e2-4895-a093-29079b93cb31,bawling.accountants,available,117.99,117.99,medium,low,7,namesilo,,,13/09/2026 07:42
1079e18d-86c7-4493-b37d-56058085e85d,submarine.accountants,available,117.99,117.99,high,low,9,namesilo,,,11/09/2026 00:16
45ffbad8-d0d5-4e3c-9167-e9fa9e00c00d,prohibit.accountants,available,117.99,117.99,high,low,8,namesilo,,,30/09/2026 10:37
b7307b57-94da-4497-ac93-25c88efd817b,starr.accountants,available,93.35,93.35,high,low,5,spaceship,,,29/09/2026 07:58
b0d186a5-7321-47a6-87dc-807985d7b115,bonnily.accountants,available,117.99,117.99,medium,low,7,namesilo,,,14/09/2026 01:04
181cb8bf-8589-41c2-9c3d-f4f9eac907a3,evaluate.accountants,available,93.35,93.35,high,low,8,spaceship,,,30/09/2026 15:15
5b0d08b7-09b8-4e42-b975-ff3299aa37a4,heat.accountants,available,93.35,93.35,high,low,4,spaceship,,,29/09/2026 18:19
51e2b146-de3e-4ca3-9b1f-1b1891d25edf,vulnerability.accountants,available,117.99,117.99,high,low,13,namesilo,,,30/09/2026 05:50
45347a73-208b-41bc-9fb8-c42060db51c8,ballpark.accountants,available,117.99,117.99,high,low,8,namesilo,,,19/09/2026 22:25
1ab5cd31-ca33-4948-b191-1ff81eaf3d81,mancha.accountants,available,117.99,117.99,medium,low,6,namesilo,,,01/10/2026 17:40
a1d3ab6a-1e02-414b-a44e-f6c8054fe58c,argentic.accountants,available,43.99,153.99,medium,low,8,name.com,,,06/08/2026 18:06
e5fc81b5-242c-4858-9a7e-52312dbf3055,lumps.accountants,available,93.35,93.35,medium,low,5,spaceship,,,02/10/2026 22:09
0e31e1d3-ff3e-41e8-991d-f0461bec735d,willa.accountants,available,117.99,117.99,medium,low,5,namesilo,,,01/10/2026 09:55
1bb0f4f5-0e1f-46d9-991b-b8868596201b,tyrone.accountants,available,93.35,93.35,high,low,6,spaceship,,,29/09/2026 20:57
483bbe93-0aae-4d45-9443-7a00bb215e5e,goldsboro.accountants,available,23.76,96.52,medium,low,9,dynadot,,,03/10/2026 01:00
5d859e74-0c3a-4d30-a786-7e8d184e4f8c,keystone.accountants,available,117.99,117.99,high,medium,8,namesilo,,,21/09/2026 15:13
9699cccc-1882-4f08-b660-f853e83ef36c,ahimsa.accountants,available,122.98,145.98,high,low,6,namecheap,,,17/09/2026 20:23
29934637-32c1-4379-9b8d-0db2d34af791,bail.accountants,available,122.98,145.98,high,low,4,namecheap,,,21/09/2026 18:59
3429a9aa-cd29-41ec-8788-cea3b5652483,comparative.accountants,available,93.35,93.35,high,low,11,spaceship,,,29/09/2026 20:48
c35663e0-62fc-4791-abba-20942c5a6f4f,casserole.accountants,available,117.99,117.99,high,low,9,namesilo,,,24/09/2026 13:04
d2d13db9-e589-4814-9aee-5280f2927fe5,questioned.accountants,available,117.99,117.99,low,low,10,namesilo,,,28/09/2026 08:50
4e4b1dfb-6841-4d93-9a75-9b1f5076849f,hoping.accountants,available,117.99,117.99,high,low,6,namesilo,,,25/09/2026 11:50
39a15f49-c1de-4c96-b42f-a47ecab49ee4,ceric.accountants,available,43.99,153.99,medium,low,5,name.com,,,12/08/2026 00:39
91966d6b-8d3d-4312-af48-ed1588d994f1,allergenic.accountants,available,43.99,153.99,medium,low,10,name.com,,,
216cb9e2-6dd2-4711-b742-137d70113d61,werewolves.accountants,available,117.99,117.99,medium,low,10,namesilo,,,19/09/2026 01:01
0c3755ae-89b2-4c9b-9b38-6cba15b79fde,beneficiary.accountants,available,93.35,93.35,high,low,11,spaceship,,,30/09/2026 03:53
c3beb845-c119-4144-8db6-df21e49e9961,leigh.accountants,available,122.98,145.98,high,low,5,namecheap,,,25/09/2026 08:55
b2d1c439-1047-4ccd-9dfa-c2b77d9aff16,radioed.accountants,available,117.99,117.99,medium,low,7,namesilo,,,20/09/2026 15:44
5a05751c-a832-4437-9462-12a330f458b8,cockroach.accountants,available,117.99,117.99,medium,low,9,namesilo,,,24/09/2026 16:13
ebb814b3-e204-4068-ae3e-ce99a427c742,rectified.accountants,available,117.99,117.99,medium,low,9,namesilo,,,09/09/2026 11:55
1b436390-1d1b-4752-8695-4b00168a3b75,nbl.accountants,available,23.17,93.2,high,low,3,porkbun,,,01/10/2026 23:39
0f5c6b20-5d5d-4df4-a922-5694bce75b0c,carribean.accountants,available,117.99,117.99,high,low,9,namesilo,,,01/10/2026 23:31
818b3d51-4e49-48fd-8327-e6af142c30fe,unguided.accountants,available,117.99,117.99,medium,low,8,namesilo,,,12/09/2026 11:41
c2b3f317-bc15-44d0-a788-87bd089c3f49,uncle.accountants,available,117.99,117.99,high,low,5,namesilo,,,30/09/2026 14:13
e87d9372-8382-4c11-9a10-e01855a3102b,frictional.accountants,available,43.99,153.99,medium,low,10,name.com,,,18/08/2026 15:28
81aaaa49-2327-4d0f-8932-9967eb79244e,aztecan.accountants,available,117.99,117.99,high,low,7,namesilo,,,21/09/2026 11:37
c7bc8eab-7edd-4d0e-8d39-2306013db79d,pistol.accountants,available,122.98,145.98,high,low,6,namecheap,,,27/09/2026 04:22
506e9f77-f932-459d-bfa5-7efdfd47260c,throw.accountants,available,117.99,117.99,high,low,5,namesilo,,,27/09/2026 20:41
2fcd6314-2485-4d32-9af9-d5131e4a5aa4,admitting.accountants,available,23.76,96.52,medium,low,9,dynadot,,,28/09/2026 20:58
4e27594d-d425-4fed-8a1a-dc5739ddaba3,chordal.accountants,available,43.99,153.99,medium,low,7,name.com,,,12/08/2026 07:06
c9f2f5d6-8ebc-4d7b-a25b-74402ddb3a67,borrowing.accountants,available,117.99,117.99,medium,low,9,namesilo,,,28/09/2026 09:11
45891c32-ae6e-4f55-8fb3-90301fd895b8,foil.accountants,available,117.99,117.99,high,low,4,namesilo,,,09/09/2026 08:18
891083f9-7e7d-4720-9180-0bc804b9ed46,curiously.accountants,available,122.98,145.98,medium,low,9,namecheap,,,28/09/2026 14:28
05699335-ecba-46a6-8e62-ea3faa919a03,ungentle.accountants,available,117.99,117.99,medium,low,8,namesilo,,,12/09/2026 11:11
a806aae2-5a49-4b18-9760-5347da1b4e78,mildred.accountants,available,122.98,145.98,medium,low,7,namecheap,,,28/09/2026 12:04
d212ba00-f661-4d1f-8048-4c68afc823e7,charmed.accountants,available,43.99,153.99,high,low,7,name.com,,,09/08/2026 09:57
daafe98d-1981-42c0-9b24-1c845b88fb34,caius.accountants,available,93.35,93.35,medium,low,5,spaceship,,,30/09/2026 20:06
cd77bb3a-ffaa-4f3e-9f12-97d3213e9416,psychological.accountants,available,122.98,145.98,medium,low,13,namecheap,,,28/09/2026 04:31
dd8013f0-4fde-4a41-b464-04f23a513afc,gravy.accountants,available,117.99,117.99,high,low,5,namesilo,,,24/09/2026 11:11
732fd21f-5ce8-47ef-bc97-72e71ab9e6e4,krupp.accountants,available,122.98,145.98,medium,low,5,namecheap,,,18/09/2026 06:37
55e068a8-6117-4e9e-a42f-2b18d3885aec,hazy.accountants,available,43.99,153.99,medium,low,4,name.com,,,10/08/2026 16:22
eae05329-9dfe-4160-a7f8-8a02459aad56,transactions.accountants,available,90.2,90.2,high,low,12,cloudflare,,,29/09/2026 02:35
556d56e9-b111-4ee5-92cb-f09b16972d39,handrail.accountants,available,117.99,117.99,high,low,8,namesilo,,,22/09/2026 00:31
872f67d9-5f02-4f7c-ac49-3a2c7b0c6099,burnished.accountants,available,43.99,153.99,medium,low,9,name.com,,,11/08/2026 10:59
c8f30e8e-a5cb-48b2-ada3-290c8bced122,boost.accountants,available,90.2,90.2,high,medium,5,cloudflare,,,29/09/2026 03:38
bd0e1c43-3873-4fed-b348-fbb8bc82bb03,rodent.accountants,available,90.2,90.2,medium,low,6,cloudflare,,,29/09/2026 19:04
b53d73f0-4a8d-4720-8fe0-354ec22cf965,allogeneic.accountants,available,43.99,153.99,medium,low,10,name.com,,,
bdd754cd-6a36-4313-9ab8-dd84f0dcf2a9,dumping.accountants,available,93.35,93.35,medium,low,7,spaceship,,,28/09/2026 13:56
7cbca636-ce1e-4601-bc84-d4a22ca77f7a,mare.accountants,available,117.99,117.99,high,low,4,namesilo,,,29/09/2026 12:21
765b4879-009f-40b3-ba44-79fec2c29421,recaptured.accountants,available,122.98,145.98,medium,low,10,namecheap,,,18/09/2026 19:20
9e7db507-7a9f-43d9-888c-3036d6ac0a77,exilic.accountants,available,43.99,153.99,medium,low,6,name.com,,,17/08/2026 17:19
88587caf-968c-421c-ba94-017a548bc9e4,blankly.accountants,available,43.99,153.99,medium,low,7,name.com,,,14/09/2026 00:13
d69c7eca-41a2-4311-8369-458b49b07399,dod.accountants,available,93.35,93.35,high,low,3,spaceship,,,30/09/2026 01:18
5ba4b21e-8fd5-45ae-a742-982aee76ecab,mist.accountants,available,23.17,93.2,high,low,4,porkbun,,,02/10/2026 23:46
44467030-267b-4b3c-bd9b-7991d39b9e54,relational.accountants,available,117.99,117.99,high,low,10,namesilo,,,09/09/2026 13:20
452a2436-84be-4680-b5d6-b5bc65fbd957,parliament.accountants,available,93.35,93.35,high,low,10,spaceship,,,29/09/2026 07:49
93a7ab45-a41a-4bad-91e1-ed76f532fd7f,hooved.accountants,available,43.99,153.99,medium,low,6,name.com,,,21/08/2026 13:42
dcb4b753-97ce-4e62-9ed4-984a3b3132dc,lupine.accountants,available,43.99,153.99,medium,low,6,name.com,,,24/08/2026 11:39
cecdeb68-8221-4833-a3eb-e97573fc2305,conklin.accountants,available,117.99,117.99,medium,low,7,namesilo,,,30/09/2026 13:55
fdb2a2c3-fe7e-4d92-a7f8-a228d587f1ad,bumpkin.accountants,available,43.99,153.99,medium,low,7,name.com,,,21/08/2026 08:07
7370e063-5ff4-4130-a38f-fc34d69e2003,tries.accountants,available,122.98,145.98,medium,low,5,namecheap,,,25/09/2026 19:53
ca0517b1-c8d1-4d57-b445-247d85d49256,curator.accountants,available,122.98,145.98,high,low,7,namecheap,,,24/09/2026 17:27
fae7cd29-ccd7-4766-a0d7-d76d5b5efc15,polygenic.accountants,available,117.99,117.99,medium,low,9,namesilo,,,08/09/2026 23:15
d0f524e2-08f0-4beb-aff6-6c6f4f5cfcad,princeton.accountants,available,117.99,117.99,high,low,9,namesilo,,,28/09/2026 10:45
3c0abdad-de50-4b84-8fc1-e2ecdcf36a2e,managua.accountants,available,117.99,117.99,high,low,7,namesilo,,,30/09/2026 16:36
a16013f0-e731-483a-ad53-ac4ed2e6a340,traveling.accountants,available,93.35,93.35,high,low,9,spaceship,,,30/09/2026 13:48
254a0aec-8aaf-4ef9-822e-a6023e7713b0,ferc.accountants,available,90.2,90.2,medium,low,4,cloudflare,,,01/10/2026 07:41
e372a9d5-1327-48f7-be4d-7fe304959e28,alaric.accountants,available,117.99,117.99,medium,low,6,namesilo,,,18/09/2026 01:52
f81fe536-ad05-4c14-beea-c4587ae43216,thee.accountants,available,90.2,90.2,high,low,4,cloudflare,,,30/09/2026 21:59
aca53d57-6730-4a91-9e33-0cbeb51b1f33,liberating.accountants,available,23.76,96.52,high,low,10,dynadot,,,30/09/2026 19:42
7d798b60-26ac-4e82-ae40-1e3d26a716d6,ardour.accountants,available,117.99,117.99,medium,low,6,namesilo,,,20/09/2026 03:15
a0069816-16dd-4bfe-9c7c-82262f2df017,divisible.accountants,available,43.99,153.99,high,low,9,name.com,,,14/08/2026 13:57
b8e4d24c-0596-4916-b61a-dc11fe5192cc,adjustor.accountants,available,117.99,117.99,medium,low,8,namesilo,,,17/09/2026 08:34
7f7e22b0-de66-4a8a-9fed-ced48cd3cbe7,comely.accountants,available,43.99,153.99,medium,low,6,name.com,,,09/08/2026 06:13
bdd16186-5c4f-40dc-a664-6a99c75e24af,formalise.accountants,available,93.35,93.35,high,low,9,spaceship,,,30/09/2026 19:59
fa19ce66-cbfd-4964-9d2b-c82095c6b91e,flowery.accountants,available,43.99,153.99,high,low,7,name.com,,,18/08/2026 09:09
50876946-a673-4fae-a92f-e0299ee3ccc2,basophil.accountants,available,117.99,117.99,medium,low,8,namesilo,,,22/09/2026 11:30
eb9be1f1-79e4-477a-baed-70fb4611e853,establishment.accountants,available,23.17,93.2,medium,low,13,porkbun,,,02/10/2026 16:24
71e1e2b5-6b3a-47f4-8700-3be294900d2d,quill.accountants,available,122.98,145.98,high,low,5,namecheap,,,29/09/2026 18:54
b80a48be-5c33-4c35-b9d6-7e195c5c849c,successive.accountants,available,117.99,117.99,high,low,10,namesilo,,,10/09/2026 04:29
5f1cd3d6-9e09-4035-8bd4-85d6434daf79,vehicular.accountants,available,117.99,117.99,medium,low,9,namesilo,,,13/09/2026 01:48
e3f2c439-6595-4132-8d32-4628b139b3af,mec.accountants,available,93.35,93.35,high,low,3,spaceship,,,01/10/2026 07:00
50678805-e4b7-4d2c-8719-c6a41981c673,occluded.accountants,available,117.99,117.99,medium,low,8,namesilo,,,04/09/2026 00:12
005bae32-6155-4410-ad9a-6beff81ce77b,participants.accountants,available,117.99,117.99,medium,low,12,namesilo,,,18/09/2026 04:57
fa6b28b1-41e6-4916-a121-bab2c8ed392a,moulds.accountants,available,117.99,117.99,medium,low,6,namesilo,,,20/09/2026 13:57
a0c72557-0c4c-47f7-989c-7c4dd6c96e82,beading.accountants,available,122.98,145.98,high,low,7,namecheap,,,22/09/2026 19:27
90d9a83a-7599-4e21-bea7-42fc31e0cd9a,undue.accountants,available,43.99,153.99,medium,low,5,name.com,,,17/08/2026 16:19
b751bc4d-b6e8-4367-8267-4aa5493d3a4f,principled.accountants,available,117.99,117.99,high,low,10,namesilo,,,27/09/2026 05:57
fe99cbae-14f8-4b2e-8e87-c79e2d749d7e,fanciful.accountants,available,43.99,153.99,high,low,8,name.com,,,17/08/2026 21:56
4e9f4b54-7f09-45d8-bcec-fd4264a58106,dionysius.accountants,available,117.99,117.99,medium,low,9,namesilo,,,29/09/2026 06:39
e7804249-4423-4fc0-8e3f-f88a4503fb7d,simmer.accountants,available,117.99,117.99,high,low,6,namesilo,,,03/10/2026 02:06
0cdc01a5-0828-43c3-a5e8-e5c03516fe9c,alca.accountants,available,117.99,117.99,high,low,4,namesilo,,,18/09/2026 03:36
58d247b3-28d3-4b38-80f3-a7a65e89cc58,utes.accountants,available,117.99,117.99,medium,low,4,namesilo,,,30/09/2026 07:10
7c98f710-f710-47b6-98d0-250cdeac34a0,narrator.accountants,available,117.99,117.99,high,low,8,namesilo,,,27/09/2026 04:49
f594ed14-4e76-411e-9027-f3bc36248bfd,needing.accountants,available,90.2,90.2,high,low,7,cloudflare,,,01/10/2026 10:18
747ad727-bf02-4358-a46c-106f9a5e94a3,usages.accountants,available,117.99,117.99,low,low,6,namesilo,,,29/09/2026 05:10
cc74ef76-9b76-4d5f-a490-3e6934b2257d,definite.accountants,available,117.99,117.99,high,low,8,namesilo,,,24/09/2026 05:06
34a094a2-bc98-4965-abe6-f424ca154d7f,iit.accountants,available,93.35,93.35,high,low,3,spaceship,,,30/09/2026 04:30
9cbd1588-a0d2-4e16-8242-72c33e6b418e,washes.accountants,available,117.99,117.99,medium,low,6,namesilo,,,20/09/2026 04:54
7b49669c-def5-4bf6-8882-d44112db94af,ultimo.accountants,available,117.99,117.99,medium,low,6,namesilo,,,11/09/2026 22:47
a2c21884-be1b-4edf-9998-1037d51f81dc,payroll.accountants,premium,,,high,low,7,,,,28/09/2026 10:41
4c10383b-802b-4a4f-a2cf-80ef8bcdfac5,asterisk.accountants,available,117.99,117.99,high,low,8,namesilo,,,20/09/2026 17:11
fc0ab8fc-45ae-4359-855c-371d9d6406a4,legge.accountants,available,90.2,90.2,medium,low,5,cloudflare,,,01/10/2026 22:42
b104b661-8a16-41a6-ad32-3a1eeaee73f8,methionine.accountants,available,23.76,96.52,medium,low,10,dynadot,,,30/09/2026 02:16
39f57d17-0c0a-467e-82d8-84bb88f98cb0,claxon.accountants,available,117.99,117.99,medium,low,6,namesilo,,,23/09/2026 01:29
26475b30-8ca2-416b-b2d5-8032785ab0cb,kuhn.accountants,available,179.99,179.99,high,low,4,godaddy,,,28/09/2026 02:14
909607fa-a764-4ddb-bb95-384a1f67a6e4,pearse.accountants,available,117.99,117.99,medium,low,6,namesilo,,,02/10/2026 01:53
1cdf7cb4-bce0-4bc6-aac6-eb9624a20aa1,copyright.accountants,available,122.98,145.98,high,low,9,namecheap,,,24/09/2026 18:10
52f91779-6dc3-4239-929a-8768855fca3a,picnic.accountants,available,117.99,117.99,high,low,6,namesilo,,,24/09/2026 14:34
87947ff4-c614-452f-8c13-a4276969ceba,expectable.accountants,available,43.99,153.99,medium,low,10,name.com,,,17/08/2026 18:02
1757b730-5d5c-47e4-a6a1-b5ada7de49f4,oshkosh.accountants,available,23.17,93.2,high,low,7,porkbun,,,29/09/2026 15:52
fd5fff77-77be-460c-b87b-7a6f3765cfb9,hitch.accountants,available,43.99,153.99,medium,low,5,name.com,,,20/08/2026 22:55
dd3a56c1-fbde-4507-a4aa-3fc0385855e3,polyploid.accountants,available,117.99,117.99,medium,low,9,namesilo,,,08/09/2026 23:29
f4c0a686-8f83-4524-a6a5-2858ef2e17a9,wales.accountants,available,117.99,117.99,high,low,5,namesilo,,,29/09/2026 06:12
d0e92b51-59b8-40b6-97cf-125534d9a0ee,disappointing.accountants,available,23.76,96.52,medium,low,13,dynadot,,,28/09/2026 07:09
8b8e1abe-52dd-4d23-a4d3-5476e74c2f19,textbook.accountants,available,117.99,117.99,high,low,8,namesilo,,,23/09/2026 13:09
8b2efad3-1e1a-41d3-9b39-bdfa0f12afba,strange.accountants,available,93.35,93.35,high,low,7,spaceship,,,28/09/2026 01:26
be3b5ec5-3352-4e3a-8947-27c674a3555a,cubitus.accountants,available,122.98,145.98,medium,low,7,namecheap,,,20/09/2026 11:25
14247417-9efa-4c79-978e-ddebdcd2be9e,umbilicus.accountants,available,117.99,117.99,medium,low,9,namesilo,,,23/09/2026 06:37
bb0fc79c-7396-4391-b51a-bc420feaa445,perish.accountants,available,93.35,93.35,medium,low,6,spaceship,,,29/09/2026 18:32
0af6c863-6468-4164-8f16-d0d9d3f72805,vir.accountants,available,93.35,93.35,medium,low,3,spaceship,,,29/09/2026 23:48
0329c593-33cd-4d6a-ace7-546db715508f,governors.accountants,available,93.35,93.35,low,low,9,spaceship,,,01/10/2026 16:31
79cd58a4-df85-4ff3-89fc-dc7e045ba1e8,elevators.accountants,available,117.99,117.99,low,low,9,namesilo,,,29/09/2026 00:00
7d803100-e978-458e-be95-c17656ed17a9,mechanisms.accountants,available,117.99,117.99,medium,low,10,namesilo,,,01/10/2026 16:08
01949f6c-7b88-444d-9258-f297a9581e8e,cellini.accountants,available,122.98,145.98,medium,low,7,namecheap,,,23/09/2026 08:47
59b040f5-6a7f-4fd6-ab14-bcfca6a6f34a,ignited.accountants,available,43.99,153.99,high,low,7,name.com,,,17/08/2026 09:20
38bc39cc-197d-49a6-9ea1-e12c795fc6f1,hormone.accountants,available,43.99,153.99,high,low,7,name.com,,,17/08/2026 01:04
ac95b22e-3808-4af8-93ac-eb1e0b25969d,analyte.accountants,available,122.98,145.98,medium,low,7,namecheap,,,02/10/2026 18:04
1aa81d2b-e573-4b0c-8005-30c1f4fea84a,paine.accountants,available,117.99,117.99,medium,low,5,namesilo,,,29/09/2026 13:38
127aa9aa-d1da-44d7-8c18-0a7263063855,foldaway.accountants,available,43.99,153.99,medium,low,8,name.com,,,18/08/2026 10:07
4deaf405-187d-47f2-a68d-2a1d7a396a04,temporary.accountants,available,122.98,145.98,high,low,9,namecheap,,,25/09/2026 07:53
464a39a3-e59e-4b00-a6a1-3cee8057029d,williamson.accountants,available,117.99,117.99,high,low,10,namesilo,,,17/09/2026 14:22
f098dc1d-b935-45bb-a90b-21ef3c2aa70c,barde.accountants,available,117.99,117.99,medium,low,5,namesilo,,,22/09/2026 05:12
63a9a6b2-2024-43a2-b532-180c687beac7,scoundrel.accountants,available,117.99,117.99,medium,low,9,namesilo,,,03/10/2026 02:03
fd5f1deb-ecff-4ecf-9abf-091c4a646787,approaching.accountants,available,122.98,145.98,high,low,11,namecheap,,,25/09/2026 11:21
8fe5a474-6db2-4723-b0d3-f8058e11246a,despite.accountants,available,93.35,93.35,high,low,7,spaceship,,,29/09/2026 11:22
8466ddef-17be-4313-a724-e471bf1a1034,slipper.accountants,available,90.2,90.2,high,low,7,cloudflare,,,01/10/2026 01:18
b4c6a3dd-d3f7-405e-a611-63771a9d5c56,metternich.accountants,available,93.35,93.35,high,low,10,spaceship,,,02/10/2026 05:33
90f52b45-d867-4506-afc9-6a81a7434bae,toffy.accountants,available,43.99,153.99,medium,low,5,name.com,,,11/08/2026 04:55
bd019bc8-778c-45e3-9b30-5a584f2fa24b,medium.accountants,available,117.99,117.99,high,low,6,namesilo,,,02/10/2026 08:57
587f69a4-3e08-4032-bcbe-8aec85e260b7,posse.accountants,available,23.76,96.52,high,low,5,dynadot,,,30/09/2026 02:35
1522fd96-4176-41b8-a9e6-8513465dd798,rotated.accountants,available,93.35,93.35,medium,low,7,spaceship,,,27/09/2026 14:36
7f43b20a-4ac2-411e-bc05-de6153996b0c,flood.accountants,available,122.98,145.98,high,low,5,namecheap,,,29/09/2026 13:53
65157f8c-624c-4d48-beab-b45adc5d6999,ranted.accountants,available,122.98,145.98,low,low,6,namecheap,,,20/09/2026 16:55
2d5705f8-eb7a-4b8e-823c-a2eb34b229bc,overlooking.accountants,available,23.76,96.52,medium,low,11,dynadot,,,30/09/2026 00:35
20cc64b6-8baa-42a3-a54c-9340ce476e00,stimulus.accountants,available,117.99,117.99,high,low,8,namesilo,,,10/09/2026 20:39
2852f746-df3a-412d-aa9d-ca699b843dbd,hyaline.accountants,available,43.99,153.99,medium,low,7,name.com,,,21/08/2026 16:06
e8cea0a5-7dc8-4bb7-b16a-d7866ca7ed49,inert.accountants,available,43.99,153.99,high,low,5,name.com,,,22/08/2026 03:57
ad86b17e-f6fb-4bbc-9b9b-b20ad25da059,tantric.accountants,available,117.99,117.99,high,low,7,namesilo,,,11/09/2026 08:05
066159b8-bcde-4261-9577-29fb931abf0e,putin.accountants,available,93.35,93.35,medium,low,5,spaceship,,,28/09/2026 02:59
b0594cd0-4767-4508-8153-f7dc4f72e24f,fortune.accountants,available,117.99,117.99,high,low,7,namesilo,,,29/09/2026 09:17
d3eefb76-fdb0-4547-b76d-f274884f16ad,cashiers.accountants,available,122.98,145.98,medium,low,8,namecheap,,,20/09/2026 14:34
c47fced5-c204-4fe3-b3a6-d7538a9dceda,lamplit.accountants,available,43.99,153.99,medium,low,7,name.com,,,22/08/2026 19:11
9f485a0a-f427-4764-bd99-a378de2afd0e,underlying.accountants,available,43.99,153.99,high,low,10,name.com,,,21/08/2026 22:41
489ca414-324a-4fcf-b8a9-dfe3033fa65f,obsequious.accountants,available,43.99,153.99,medium,low,10,name.com,,,10/08/2026 19:44
22e9c9bc-4b53-4e34-b93f-ad1568bacec1,masters.accountants,available,117.99,117.99,high,low,7,namesilo,,,29/09/2026 17:44
6fa5f11b-8fe2-479c-abd8-304891d6c2b5,badaga.accountants,available,117.99,117.99,medium,low,6,namesilo,,,21/09/2026 16:58
09277fd6-379d-49bc-805b-baa5fd416406,confess.accountants,available,93.35,93.35,high,low,7,spaceship,,,30/09/2026 17:40
18e46aed-a92e-4777-908e-d6cb9d3241fc,despot.accountants,available,117.99,117.99,medium,low,6,namesilo,,,21/09/2026 06:11
10425149-b19c-46a1-bf6b-98ece49eca3f,fountains.accountants,available,122.98,145.98,medium,low,9,namecheap,,,30/09/2026 15:34
99be8a02-ffa3-482a-b69c-64a4bbf31ebf,homesick.accountants,available,43.99,153.99,medium,low,8,name.com,,,21/08/2026 11:13
23009bdd-88c2-477f-96c9-74b7a0bd40d6,grands.accountants,available,117.99,117.99,medium,low,6,namesilo,,,20/09/2026 04:57
6fe9998c-6c96-47c1-9c09-eb5537c1746f,replete.accountants,available,117.99,117.99,high,low,7,namesilo,,,09/09/2026 14:32
3d7e7e31-b2cc-416d-990f-d0b68da99e29,roadman.accountants,available,122.98,145.98,medium,low,7,namecheap,,,21/09/2026 18:08
c49eec3e-4f79-4fd4-9da9-8a72e2d24b4d,behold.accountants,available,93.35,93.35,high,low,6,spaceship,,,28/09/2026 15:34
8423e61d-a82b-4a04-b061-dc1322f1ce05,bonus.accountants,available,117.99,117.99,high,low,5,namesilo,,,29/09/2026 03:20
3c73b343-bea3-40ba-987e-f017c9dd19ab,marston.accountants,available,90.2,90.2,medium,low,7,cloudflare,,,28/09/2026 16:09
60fea44e-2feb-49ea-865d-ba1085f2a977,neritic.accountants,available,117.99,117.99,medium,low,7,namesilo,,,03/09/2026 15:41
bec0b231-813c-4885-aae6-b028c9f26b19,hangout.accountants,available,43.99,,high,low,8,name.com,,,
86ae9bab-1112-42bb-b320-6031518e487e,hie.accountants,available,122.98,145.98,medium,low,3,namecheap,,,09/09/2026 19:49
d1fbde0c-6cb5-4d1f-9305-39bcf5e8b065,quoted.accountants,available,93.35,93.35,medium,low,6,spaceship,,,29/09/2026 23:28
83c8a9fc-54cb-4d22-be23-20ed5daf2c71,abdullah.accountants,available,122.98,145.98,high,low,8,namecheap,,,28/09/2026 03:48
17b54459-f99a-41a2-b56c-d6639f0cd620,faces.accountants,available,43.99,,medium,low,5,name.com,,,
3cecefe8-c63c-43e9-a4bb-baa8d91a3508,occidental.accountants,available,43.99,153.99,medium,low,10,name.com,,,21/08/2026 07:25
b40e49cf-61a5-4793-a092-a5650ddaef61,taunt.accountants,available,117.99,117.99,medium,low,5,namesilo,,,11/09/2026 09:13
9bedc53a-5500-469c-bc60-61cfbdbe2241,clinics.accountants,available,117.99,117.99,medium,low,7,namesilo,,,20/09/2026 12:34
07794e95-b499-4eab-a058-6a8d930e88e3,quantized.accountants,available,117.99,117.99,medium,low,9,namesilo,,,09/09/2026 07:30
f6a434a8-56e8-4088-8531-58e0427b81b0,barman.accountants,available,117.99,117.99,high,low,6,namesilo,,,22/09/2026 06:19
de2c7518-d908-45da-b492-3e00740460fc,blows.accountants,available,117.99,117.99,medium,low,5,namesilo,,,25/09/2026 16:53
985fedec-d392-490c-924f-4feae05d5559,moscow.accountants,available,122.98,145.98,high,low,6,namecheap,,,29/09/2026 07:06
49fd7286-48b1-4941-9f46-e137837e16ad,mobilize.accountants,available,117.99,117.99,high,low,8,namesilo,,,01/10/2026 04:12
fc9f450d-2f26-42ec-af0a-457e2f04735e,orr.accountants,available,117.99,117.99,high,low,3,namesilo,,,27/09/2026 03:21
f2e149fe-9876-4c72-9f9d-563e95de762e,zoic.accountants,available,117.99,117.99,medium,low,4,namesilo,,,13/09/2026 15:25
46dce0aa-eed1-4d08-8703-ef9b93068d0f,quechua.accountants,available,43.99,153.99,high,low,7,name.com,,,22/08/2026 15:21
53e67932-544c-4f2c-abec-40bd0670f13e,jewel.accountants,available,90.2,90.2,high,low,5,cloudflare,,,30/09/2026 00:50
4cf18cd3-a16f-4835-af1d-4073adc40714,fatuous.accountants,available,43.99,153.99,low,low,7,name.com,,,07/08/2026 02:39
9aadaff5-6f44-45c1-baff-3fd9df8e7615,micah.accountants,available,117.99,117.99,high,low,5,namesilo,,,02/10/2026 04:08
dedb61de-1d63-4db9-b73e-01fa2f2de2c1,motto.accountants,available,93.35,93.35,high,low,5,spaceship,,,28/09/2026 13:39
f9140df5-b31d-4b47-b922-364a4eda1617,narrow.accountants,available,117.99,117.99,high,low,6,namesilo,,,03/09/2026 13:22
b967e3e2-7cfd-42c5-a921-77f2d1deebb0,superstition.accountants,available,93.35,93.35,medium,low,12,spaceship,,,30/09/2026 14:14
5a734d7c-c848-4c47-b8d1-6baec74fb430,out.accountants,available,93.35,93.35,high,low,3,spaceship,,,30/09/2026 17:39
69b2644a-ed22-4eed-a147-41d3ea591956,magazines.accountants,available,122.98,145.98,medium,low,9,namecheap,,,18/09/2026 18:19
f080ff45-c0be-4d4f-8a80-064b150755df,persecution.accountants,available,117.99,117.99,medium,low,11,namesilo,,,29/09/2026 16:24
fa85cbfb-bde0-4f0a-9066-5843b7d5cfed,bhutanese.accountants,available,43.99,153.99,medium,low,9,name.com,,,09/08/2026 18:24
36d00c60-3891-453a-9249-f7d6fa8cfbbe,veal.accountants,available,93.35,93.35,medium,low,4,spaceship,,,30/09/2026 14:19
8e948bec-b332-478d-b911-e25f089ceda9,lxxxviii.accountants,available,43.99,153.99,medium,low,8,name.com,,,
6230daf0-c4ce-4995-8bf4-f0594b2aa7f4,perception.accountants,available,93.35,93.35,high,low,10,spaceship,,,28/09/2026 10:42
d63eebdf-09de-4853-a838-cb2003492eaf,platonic.accountants,available,122.98,145.98,high,low,8,namecheap,,,08/09/2026 20:53
fd89c4fd-944a-4354-81c6-cf3eef4b99e1,tenant.accountants,available,23.76,96.52,high,low,6,dynadot,,,28/09/2026 20:19
68d58328-6ba5-4306-8f7d-3ca80af786d6,dumpster.accountants,available,122.98,145.98,high,low,8,namecheap,,,02/10/2026 14:53
d99a04a2-cc4c-47da-9a9e-3dc95bd49eb4,ponders.accountants,available,117.99,117.99,medium,low,7,namesilo,,,18/09/2026 02:06
0d77e9ed-0944-4af7-b57a-7c6be7abb184,antitoxic.accountants,available,43.99,153.99,medium,low,9,name.com,,,05/08/2026 19:55
5ae80bdb-d7bd-4be9-bf0b-65541946f049,blueish.accountants,available,122.98,145.98,medium,low,7,namecheap,,,22/09/2026 22:51
d31b7442-a519-4172-991a-04aab2644e91,dividing.accountants,available,93.35,93.35,medium,low,8,spaceship,,,29/09/2026 08:50
1cad17ce-3907-4540-9e77-a75648632144,volumes.accountants,available,122.98,145.98,medium,low,7,namecheap,,,29/09/2026 17:06
8bd23835-c460-46a7-b706-b5faf7e9fba5,quad.accountants,available,117.99,117.99,high,low,4,namesilo,,,29/09/2026 13:30
d655f199-7489-48e3-a7ac-d8e7588474fa,dreamily.accountants,available,117.99,117.99,medium,low,8,namesilo,,,14/09/2026 14:15
95d309bf-eeef-4b11-b7de-5a93afda7b75,spaceship.accountants,available,90.2,90.2,high,medium,9,cloudflare,,,29/09/2026 08:05
1ceaaf94-3b86-4a22-8454-fa02d09c9db8,dressed.accountants,available,117.99,117.99,high,low,7,namesilo,,,22/09/2026 07:16
a3348def-6c48-450d-980f-6da1f3af3f29,mercy.accountants,available,117.99,117.99,high,low,5,namesilo,,,25/09/2026 09:18
4dab02b7-8f0a-4d1a-858a-49063b8f224f,statue.accountants,available,117.99,117.99,high,low,6,namesilo,,,26/09/2026 00:24
142faa82-18b3-429a-900c-5ef6e3c41d77,unanswered.accountants,available,117.99,117.99,medium,low,10,namesilo,,,12/09/2026 00:43
f2824ad7-edb3-4056-9b61-febebaaf7297,capacity.accountants,available,122.98,145.98,high,low,8,namecheap,,,24/09/2026 12:12
9455764d-97a7-4495-9038-ebf92959c4b5,passionately.accountants,available,93.35,93.35,high,low,12,spaceship,,,01/10/2026 18:20
f7de12cf-2fc0-4d7f-bd89-81aecfe33fa8,repast.accountants,available,122.98,145.98,high,low,6,namecheap,,,02/10/2026 02:34
d3081352-11a0-4e73-83a3-598ad1a7d467,abuja.accountants,available,122.98,145.98,medium,low,5,namecheap,,,16/09/2026 18:50
4c722af9-03c1-4caa-b3a5-3c4af9d6b161,burn.accountants,available,179.99,179.99,high,low,4,godaddy,,,28/09/2026 02:13